obs,time,elapsed,date,hhmmss,averaging,spad1,spad2,operator,temp,event,block,leaf,tree,ID,TIME,E,Emm,A,Ca,Ci,Pci,Pca,gsw,gbw,gtw,gtc,Rabs,TleafEB,TleafCnd,SVPleaf,RHcham,VPcham,SVPcham,VPDleaf,LatHFlux,SenHFlux,NetTherm,EBSum,Leak,LeakPct,CorrFact,CorrFactPct,Fan,DarkAdaptedID,Qmax_d,Fo,Fm,Fv/Fm,A_dark,LightAdaptedID,Qmax,Fs,Fm',PhiPS2,PS2/1,Qabs_fs,A_fs,ETR,PhiCO2,NPQ,alt. Fo',DarkPulseID,Fmin,Fo',Fv'/Fm',qP,qN,qP_Fo,qN_Fo,qL,1-qL,ID,P1_dur,P2_dur,P3_dur,P1_Qmax,P1_Fmax,P2_dQdt,P3_ΔF,ID,Duration,Fo,F1,F2,Fmax,T@HIR,T@F1,T@F2,T@Fmax,Qin,Qabs,alpha,convert,S,K,Geometry,Custom,TIME,CO2_s,CO2_r,H2O_s,H2O_r,CO2_a,H2O_a,Flow,Pa,ΔPcham,Tair,Tleaf,Tleaf2,Offset,Offset2,Fan_speed,Qamb_in,Qamb_out,ΔCO2,CO2_s_d,CO2_r_d,ΔH2O,CO2_b,H2O_b,e_s,e_r,Td_s,Td_r,Q,f_red,f_blue,f_farred,F,Q_modavg,F_dc,Pc,Tled,TDigital,TPreamp,TPwrSpy,TDrive,Q_red,Q_blue,Q_farred,TSPF,state,F_avg,dF/dt,dF_dc/dt,F_dc_avg,period,time,hhmmss,co2_t,h2o_t,count,co2_adj,h2o_adj,co2_match,h2o_match,co2_at,h2o_at,co2_cv,h2o_cv,ΔCO2:MN,ΔCO2:SLP,ΔCO2:SD,ΔCO2:OK,CO2_s:MN,CO2_s:SLP,CO2_s:SD,CO2_s:OK,ΔH2O:MN,ΔH2O:SLP,ΔH2O:SD,ΔH2O:OK,H2O_s:MN,H2O_s:SLP,H2O_s:SD,H2O_s:OK,Tleaf:MN,Tleaf:SLP,Tleaf:SD,Tleaf:OK,Stable,Total,State,Vflow,VPchamber,abs_c_a,abs_c_b,abs_h_a,abs_h_b,Wc_s,Wc_r,Wco_s,Wco_r,Ww_s,Ww_r,Wwo_s,Wwo_r,Flow_s_v,Flow_r_v,Tleaf_mv,Tleaf2_mv,Tleaf_j,Tleaf2_j,Console_RH,Console_T,Console_H2O,Fan_%,Flow_%,Pump,Tchp_pwm,Txchg_pwm,diag_20v,diag_5_4v,diag_12v,diag_5va,diag_3_3vf,AccCO2_soda,AccH2O_des,AccH2O_hum,CO2_hrs,ADC_CH1,ADC_CH2,ADC_CH3,ADC_CH4,ADC_CH5,ADC_CH6,ADC_CH7,ADC_CH8,DAC_1,DAC_2,DAC_3,DAC_4,GPIO,GPIO_dir,excit_5v,power_12v,power_5v,ch1_pullup,AuxPower,MatchValveR,MatchValveS,MatchCO2,MatchH2O,cf_co2_a,cf_co2_b,cf_co2_c,cf_co2_d,cf_h2o_a,cf_h2o_b,cf_h2o_c,cf_h2o_d,co2_fit_low,co2_fit_high,h2o_fit_low,h2o_fit_high,co2_elapsed,h2o_elapsed,CO2_f,CO2_f_s,Pump_f,Pump_f_s,Pump_p,Pump_p_s,Tboard,V_system,DIAG,Flow_s,Flow_r,Txchg,Tirga,Tchopper,Ts,Tr,CO2_%,Desiccant_%,Humidifier_%,Txchg_sp,CO2_r_sp,H2O_r_sp,SS_s,SS_r
2,1663868104,210.5,20220922 12:35:04,12:35:04,none,,,,,,,14,304,LCOR-304,1663868104,0.002028207,2.028207446,12.69897142,410.621,253.0235167,25.73361001,41.76197064,0.138786822,2.954226304,0.135263728,0.084848917,86.05303228,25.75874239,25.75874239,3.326386763,55.25373841,1.84011773,3.330304488,1.486269032,-89.44394835,3.162686433,0.228206889,-2.27521E-05,0,0,1,0,53847.90991,RECT-558-20220727-13_55_51,16631.3,708.8384615,3847.94,0.815787548,-5.516621199,RECT-669-20220922-12_35_05,16735.4,958.81804,2145.55,0.553113169,0.5,441.9650538,12.69897142,122.2283458,0.041215007,0.793451563,618.4443703,DARK-670-20220922-12_35_12,650.26,650.26,0.696926196,0.793646691,0.532382853,0.826005728,0.542317596,0.538242581,0.461757419,-,-,-,-,-,-,-,-,-,-,-,-,-,-,-,-,-,-,524.726,441.9650538,0.842277787,0.163996128,6,0.5,0: Broadleaf,2,1663868104,410.621,424.15,18.0928,16.1017,411.229,18.0528,600.124,101.604,0.10042,25.7786,25.4311,999.9,0,0,9981.25,0,618.097,-13.4496,418.268,431.092,1.9911,424.15,16.1017,1.8383,1.63599,16.1163,14.3021,524.726,0.923999,0.0760008,0,956.85,0.499931,7929.17,4570.25,37.437,41.062,39.125,40.812,39.5,484.38,39.84,0,209.9000001,0,958.81804,-14.22830766,2.004614856,7926.3576,15,1663868136,12:35:36,1663868136,1659639627,2,-0.08,0.04,-0.608,0.04,424,13,0.15,0.14,-13.39405366,1.819291986,0.262039204,1,411.2984516,-4.855645161,0.363591391,1,2.112756829,-0.806245714,0.080616266,0,18.20433871,-0.892379032,0.067077633,1,25.44822258,-0.173579032,0.0135012,1,4,5,4/5,3.18079,2.79721,0.104455,0.107455,0.100105,0.0924902,28381.5,22297.5,29607,24462.7,33930.8,32403.4,40893.6,39914.8,2.20318,1.94317,0.0845864,0,24.0427,999.9,55.8,27.1,19.7723,62.1546,34.6795,1,-0.18154,0,20.2848,5.22747,11.9021,4.96415,3.292,9999,9999,9999,999.9,1.87683,1.87501,1.87378,1.8729,1.87453,1.86951,1.87372,1.87878,0,0,0,0,00000000,iiiiiiii,off,on,on,off,0,100,100,-0.608,0.04,-0.528047619,0,0,0,0.04,0,0,0,-1,-1,-1,-1,3.1,70474.6,1.09375,2.38403,1.42578,2.2937,1.54785,2.33398,30.9119,15.6381,18,627.485,444.99,25.0974,24.9466,30.0008,24.7613,24.7032,21.9204,-30,-30,-999.9,424.08,22.8847,96.541,101.548
3,1663868627,733.4000001,20220922 12:43:47,12:43:47,none,,,,,,,14,100,LCOR-100,1663868627,0.000762571,0.762570982,12.74227205,409.672,129.4542005,13.16373306,41.65807545,0.074818791,2.958014448,0.073783143,0.046206319,114.027782,25.54258403,25.54258403,3.284000403,70.82480593,2.261698989,3.193371248,1.022301414,-33.6293803,-75.02925199,-5.381875304,-0.012725571,0,0,1,0,54086.57819,RECT-558-20220727-13_55_51,16631.3,708.8384615,3847.94,0.815787548,-5.516621199,RECT-671-20220922-12_43_48,16721.1,873.4616154,1584.21,0.448645309,0.5,589.1896835,12.74227205,132.1685937,0.030989839,1.428933033,561.1329691,DARK-672-20220922-12_43_55,610.8,610.8,0.614445055,0.73016343,0.699299382,0.811939106,0.721139464,0.5105935,0.4894065,-,-,-,-,-,-,-,-,-,-,-,-,-,-,-,-,-,-,699.992,589.1896835,0.841709167,0.162898693,6,0.5,0: Broadleaf,2,1663868627,409.672,422.723,22.2419,21.4965,410.227,22.2019,600.169,101.587,0.0994112,25.0721,24.7936,999.9,0,0,10004.4,0,747.684,-13.1041,418.937,432.01,0.745422,422.723,21.4965,2.2595,2.18377,19.3905,18.8438,699.992,0.942982,0.0570181,0,866.116,0.499931,9961.9,6139.14,36.75,40.5,38.625,35.375,38.062,659.61,39.88,0,522.8,0,873.4616154,-51.02208549,-349.9712824,9978.904615,15,1663868651,12:44:11,1663868651,1659639627,3,0.053,0.04,-0.555,0.04,421,13,0.18,0.14,-13.4342,1.897337979,0.22379027,1,409.6706452,0.416370968,0.066852051,1,0.849659146,-0.429425937,0.044139883,1,22.28243548,-0.550480645,0.042074684,1,24.80175161,-0.042546774,0.004338118,1,5,5,5/5,3.18044,2.79641,0.104198,0.107134,0.115822,0.113302,28362.1,22294.6,29579.2,24451.6,33289.9,31632,40854.1,39896.5,2.20237,1.94535,0.120126,0,22.8188,999.9,69.9,27.6,25.5089,62.2946,34.5353,1,-0.160429,-2.3662,20.2548,5.22538,11.9081,4.964,3.292,9999,9999,9999,999.9,1.87684,1.87505,1.87381,1.87301,1.87454,1.86951,1.87375,1.8788,0,0,0,0,00000000,iiiiiiii,off,on,on,off,0,100,100,-0.555,0.04,-0.6081,0,0,0,0.04,0,0,0,-1,-1,-1,-1,8.2,70483.3,1.04858,2.38037,1.42578,2.28882,1.54785,2.26074,31.368,15.5155,18,630.622,448.932,27.1459,25.1245,29.9998,25.0954,25.0301,21.0232,19.6832,100,27.2877,424.032,21.6545,96.4489,101.501
4,1663868832,937.9000001,20220922 12:47:11,12:47:11,none,,,,,,,9,494,LCOR-494,1663868832,0.001863255,1.863255247,16.79028528,409.753,228.2232981,23.20976693,41.67090612,0.15709855,2.952559914,0.152598204,0.095767477,114.0171713,25.71333336,25.71333336,3.317443098,64.27563827,2.10882225,3.280904409,1.208620848,-82.16955638,-29.7080008,-2.141621431,-0.002007307,0,0,1,0,53844.29613,RECT-558-20220727-13_55_51,16631.3,708.8384615,3847.94,0.815787548,-5.516621199,RECT-673-20220922-12_47_13,16696.5,1057.019615,2075.99,0.490835883,0.5,589.1364755,16.79028528,144.5846611,0.037863733,0.853544574,612.5284464,DARK-674-20220922-12_47_19,679.69,679.69,0.672594762,0.729764653,0.559283516,0.745323657,0.564476803,0.469256889,0.530743111,-,-,-,-,-,-,-,-,-,-,-,-,-,-,-,-,-,-,699.929,589.1364755,0.84170891,0.162898196,6,0.5,0: Broadleaf,2,1663868832,409.753,427.296,20.7362,18.9127,410.284,20.6962,600.368,101.597,0.100623,25.5267,25.0484,999.9,0,0,9972.5,0,658.544,-17.5661,418.406,435.533,1.82353,427.296,18.9127,2.10673,1.92147,18.2702,16.8116,699.929,0.942989,0.0570107,0,1040.05,0.499931,11071.9,6138.6,38,40.812,39.375,39.187,39.437,659.55,39.87,0,204,0,1057.019615,-143.0013673,-972.6427341,11202.14615,15,1663868867,12:47:46,1663868867,1659639627,4,0.024,0.04,-0.531,0.04,419,13,0.14,0.14,-18.96435854,0.295039024,0.105988874,1,409.8281613,0.485806452,0.039956506,1,2.202357805,-0.177485436,0.023761823,1,20.73999032,-0.163379032,0.012331689,1,25.08875161,-0.237527419,0.01794477,1,5,5,5/5,3.18097,2.79734,0.104222,0.108006,0.110259,0.103612,28365.7,22274.9,29583.4,24453.5,33511.1,31987.7,40861.2,39900.3,2.20545,1.94135,0.105109,0,23.3215,999.9,70.1,27.6,25.5792,62.4746,33.6418,1,-0.168816,0.447315,20.2711,5.22897,11.9027,4.9644,3.292,9999,9999,9999,999.9,1.87684,1.87505,1.87385,1.87301,1.87454,1.86953,1.87378,1.87881,0,0,0,0,00000000,iiiiiiii,off,on,on,off,0,100,100,-0.531,0.04,-0.5546,0,0,0,0.04,0,0,0,-1,-1,-1,-1,3,70486.7,1.08521,2.36938,1.42578,2.2876,1.54785,2.39502,31.3462,15.498,18,632.089,446.113,24.031,25.0334,30,25.0248,24.9712,21.7523,22.282,98.1214,24.0025,429.885,20.7676,96.4643,101.51
5,1663869180,1285.9,20220922 12:52:59,12:52:59,none,,,,,,,14,234,LCOR-234,1663869180,0.001460859,1.460858514,18.98236538,409.904,199.0962938,20.24925401,41.68962695,0.151026081,2.956246081,0.146866996,0.09215601,114.021365,25.75262575,25.75262575,3.325180816,71.64763745,2.341715735,3.268378161,0.98346508,-64.42386047,-46.27128703,-3.331073996,-0.004856458,1,0,1,0,53964.32989,RECT-558-20220727-13_55_51,16631.3,708.8384615,3847.94,0.815787548,-5.516621199,RECT-675-20220922-12_53_01,16691.5,1035.668846,2370.94,0.563182178,0.5,589.1560664,18.98236538,165.9010984,0.041583186,0.62295967,635.8681822,DARK-676-20220922-12_53_07,658.11,658.11,0.722426548,0.779570158,0.46303408,0.803363166,0.470516797,0.495373515,0.504626485,-,-,-,-,-,-,-,-,-,-,-,-,-,-,-,-,-,-,699.952,589.1560664,0.841709241,0.162898835,6,0.5,0: Broadleaf,2,1663869180,409.904,429.478,23.0244,21.5977,410.403,22.9844,600.22,101.606,0.099831,25.4623,25.0261,999.9,0,0,9992.5,0,231.362,-19.6052,419.532,438.958,1.42662,429.478,21.5977,2.33941,2.19446,19.9504,18.9219,699.952,0.942989,0.0570107,0,1029.22,0.499931,10343,6138.81,36.062,38.125,37.312,37,37.5,659.58,39.88,0,347.5999999,0,1035.668846,-52.40854705,-203.4051283,10370.14615,15,1663869211,12:53:31,1663869211,1659639627,5,0.032,0.04,-0.499,0.04,428,13,0.35,0.14,-19.41166098,-0.186836237,0.050012871,1,409.9530968,-0.65433871,0.051459571,1,1.478163902,-0.082338188,0.031078875,1,23.10552903,-0.735377419,0.055479867,1,25.0099,0.044279032,0.004702436,1,5,5,5/5,3.18069,2.79673,0.104297,0.108482,0.11873,0.11373,28361,22267.4,29580.7,24458.1,33178,31625.1,40855.8,39907.7,2.18725,1.94697,0.0752136,0,23.7908,999.9,70.3,27.8,25.9512,62.1446,34.0024,1,-0.176695,-0.290114,20.2702,5.22508,11.9036,4.96375,3.292,9999,9999,9999,999.9,1.87687,1.87503,1.87388,1.87302,1.87454,1.86953,1.87378,1.87881,0,0,0,0,00000000,iiiiiiii,off,on,on,off,0,100,100,-0.499,0.04,-0.5309,0,0,0,0.04,0,0,0,-1,-1,-1,-1,5.2,70492.5,1.10596,2.37305,1.42578,2.28882,1.54785,2.37183,31.5861,15.4454,18,618.045,448.736,24.6486,24.9871,30,24.9515,24.8901,22.1593,20.7896,100,24.6283,429.599,21.5789,96.4533,101.529
6,1663869507,1612.9,20220922 12:58:26,12:58:26,none,,,,,,,12,490,LCOR-490,1663869507,0.002122015,2.122015405,19.86181912,409.95,257.0795024,26.14545719,41.69266734,0.222979148,2.96102252,0.214053029,0.134555345,114.0504011,25.2923641,25.2923641,3.235524822,70.178094,2.254516113,3.212563899,0.98100871,-93.58087937,-19.1025355,-1.36780938,-0.000823128,0,0,1,0,54157.1617,RECT-558-20220727-13_55_51,16631.3,708.8384615,3847.94,0.815787548,-5.516621199,RECT-677-20220922-12_58_28,16719.1,926.06188,1920.53,0.517809209,0.5,589.3142418,19.86181912,152.5761707,0.043064359,1.003582344,598.2403531,DARK-678-20220922-12_58_34,640.17,640.17,0.666670138,0.776709769,0.60085667,0.820727131,0.614000527,0.536925559,0.463074441,-,-,-,-,-,-,-,-,-,-,-,-,-,-,-,-,-,-,700.141,589.3142418,0.841707944,0.162896332,6,0.5,0: Broadleaf,2,1663869507,409.95,430.672,22.1679,20.0939,410.451,22.1278,600.282,101.602,0.0998352,25.1727,24.8393,999.9,0,0,10020,0,763.55,-20.7196,419.246,439.504,2.07396,430.672,20.0939,2.25229,2.04157,19.3392,17.7705,700.141,0.943024,0.0569758,0,921.752,0.499931,10671.1,6140.54,37.312,39.875,38.5,39.187,38.687,659.78,39.86,0,326.5999999,0,926.06188,-20.70692309,-191.9307698,10683.808,15,1663869536,12:58:56,1663869536,1659639627,6,-0.002,0.04,-0.501,0.04,430,13,0.52,0.14,-20.80799756,-0.169350523,0.04893076,1,409.8420968,0.956322581,0.072276063,1,2.009134634,0.149435749,0.026148598,1,22.06276774,0.875046774,0.065857762,1,24.89346452,-0.45675,0.034381808,1,5,5,5/5,3.18073,2.79697,0.104281,0.108675,0.115594,0.108132,28360.4,22258.9,29580,24454.4,33300.4,31825,40856.2,39902.4,2.2015,1.9367,0.0503287,0,24.0127,999.9,70,28.1,26.2977,62.1447,34.2428,1,-0.17003,-0.234404,20.2697,5.22268,11.9027,4.9639,3.29163,9999,9999,9999,999.9,1.87689,1.87512,1.87391,1.87302,1.87455,1.86954,1.87378,1.87882,0,0,0,0,00000000,iiiiiiii,off,on,on,off,0,100,100,-0.501,0.0401,-0.498666667,0,0,0,0.04,0,0,0,-1,-1,-1,-1,4.9,70498,1.11084,2.38037,1.42578,2.28638,1.54785,2.34863,31.9585,15.3929,18,628.874,443.148,23.8567,25.0818,30.0003,24.996,24.9389,22.2402,26.3271,98.0577,23.9382,430.623,19.9826,96.4528,101.515
7,1663870005,2111.4,20220922 13:06:45,13:06:45,none,,,,,,,14,102,LCOR-102,1663870005,0.001583665,1.583664848,19.92585878,409.895,204.8032962,20.82993028,41.68919363,0.16342199,2.958802079,0.158568033,0.09952912,113.9985146,25.31625204,25.31625204,3.240125526,70.573661,2.251772794,3.190670232,0.988352733,-69.8396198,-41.21101032,-2.951719505,-0.003834987,0,0,1,0,54112.76835,RECT-558-20220727-13_55_51,16631.3,708.8384615,3847.94,0.815787548,-5.516621199,RECT-679-20220922-13_06_46,16704.5,996.87348,2285.01,0.563733428,0.5,589.0412333,19.92585878,166.0311168,0.043193037,0.68399263,629.5190827,DARK-680-20220922-13_06_53,660.37,660.37,0.710999077,0.792875049,0.490320213,0.817256554,0.497890871,0.525233048,0.474766952,-,-,-,-,-,-,-,-,-,-,-,-,-,-,-,-,-,-,699.816,589.0412333,0.841708725,0.16289784,6,0.5,0: Broadleaf,2,1663870005,409.895,430.458,22.1398,20.5921,410.456,22.0998,600.35,101.607,0.100007,25.0579,24.9225,999.9,0,0,10006.9,0,961.393,-20.5024,419.237,439.508,1.5477,430.458,20.5921,2.24955,2.09229,19.3196,18.1606,699.816,0.943009,0.0569914,0,994.835,0.499931,10588.4,6137.65,35.312,38.125,36.625,37.187,37.062,659.46,39.86,0,498.2,0,996.87348,-11.59738457,272.3307692,10547.732,15,1663870044,13:07:24,1663870044,1659639627,7,-0.06,0.04,-0.561,0.04,431,13,0.16,0.14,-20.4412525,0.285184615,0.051790216,1,410.0292333,-0.399403782,0.034339174,1,1.562228,0.029817636,0.024204789,1,22.08991667,0.356468076,0.025848973,1,24.95164333,-0.187934149,0.014208816,1,5,5,5/5,3.18014,2.79703,0.104135,0.108491,0.115341,0.10986,28326.6,22238,29543.3,24429.2,33273.2,31731.7,40808.6,39863.1,2.19707,1.92383,0.0641868,0,23.8683,999.9,69.1,28.6,26.7262,62.4647,33.8181,1,-0.11624,0.622849,20.2714,5.22912,11.903,4.964,3.292,9999,9999,9999,999.9,1.87698,1.87515,1.87393,1.8731,1.87465,1.86963,1.8738,1.8789,0,0,0,0,00000000,iiiiiiii,off,on,on,off,0,100,100,-0.561,0.04,-0.500809524,0,0,0,0.04,0,0,0,-1,-1,-1,-1,7.8,70506.3,1.11206,2.38281,1.42578,2.28638,1.54785,2.3645,32.4433,15.3228,18,631.963,440.177,23.3131,25.7122,29.9999,25.5676,25.4982,22.2677,25.6851,93.0659,23.3591,430.543,20.561,96.3374,101.413
8,1663870270,2376,20220922 13:11:09,13:11:09,none,,,,,,,13,025,LCOR-025,1663870270,0.004370109,4.370108552,24.80204788,409.956,273.2494145,27.78985675,41.69311226,0.323708715,2.958151664,0.305238103,0.192345443,114.0289619,25.77477779,25.77477779,3.329550087,55.85359568,1.911000418,3.421445646,1.41854967,-192.7217871,73.38023175,5.300352553,-0.012240905,0,0,1,0,53880.72825,RECT-558-20220727-13_55_51,16631.3,708.8384615,3847.94,0.815787548,-5.516621199,RECT-681-20220922-13_11_11,16641.8,988.7233846,2482.52,0.601725914,0.5,589.1986252,24.80204788,177.2680406,0.051457467,0.550013696,643.6266173,DARK-682-20220922-13_11_17,642.51,642.51,0.741186375,0.811841574,0.425970931,0.842201141,0.434971594,0.527565483,0.472434517,-,-,-,-,-,-,-,-,-,-,-,-,-,-,-,-,-,-,700.003,589.1986252,0.841708714,0.162897819,6,0.5,0: Broadleaf,2,1663870270,409.956,436.536,18.7903,14.5045,410.579,18.7503,600.307,101.601,0.100432,26.2349,25.1831,999.9,0,0,10003.8,0,978.829,-26.5173,417.87,442.961,4.2858,436.536,14.5045,1.90911,1.47366,16.71,12.6976,700.003,0.943004,0.0569959,0,983.938,0.499931,11612.3,6139.29,37.812,41.5,39.5,39.5,39.562,659.63,39.87,0,263.9000001,0,988.7233846,-38.31842733,2119.145299,11410.29231,15,1663870305,13:11:44,1663870305,1659639627,8,-0.062,0.04,-0.623,0.04,434,13,0.1,0.14,-26.5658439,-0.102627178,0.036166843,1,409.9513226,0.102967742,0.020705909,1,4.258396341,-0.033489826,0.020057378,1,18.75242258,0.355253226,0.026962575,1,25.13459355,0.434172581,0.032747538,1,5,5,5/5,3.18023,2.79743,0.104126,0.109573,0.102664,0.0856195,28336.5,22216.5,29552.5,24434.4,33775.3,32618.2,40824.2,39872.4,2.2012,1.90933,0.0801533,0,23.867,999.9,68.4,28.9,26.9203,62.2465,34.984,1,-0.126395,-1.09194,20.2689,5.22882,11.9072,4.9642,3.292,9999,9999,9999,999.9,1.87698,1.87515,1.87393,1.87306,1.87465,1.86964,1.87378,1.87882,0,0,0,0,00000000,iiiiiiii,off,on,on,off,0,100,100,-0.623,0.04,-0.56095,0,0,0,0.04,0,0,0,-1,-1,-1,-1,3.8,70510.7,1.11816,2.37183,1.42578,2.28638,1.54785,2.40967,32.4875,15.2791,18,634.693,431.691,27.5832,25.5612,29.9995,25.5396,25.4769,22.4045,46.3307,90.3832,27.3925,436.496,14.4162,96.3714,101.436
9,1663870525,2631,20220922 13:15:24,13:15:24,none,,,,,,,13,311,LCOR-311,1663870525,0.003003295,3.003294597,22.5701069,409.989,282.7427882,28.75407128,41.69461935,0.311714653,2.955539595,0.294534196,0.185548516,114.0211118,25.19671604,25.19671604,3.217160597,68.18781763,2.207840177,3.237880685,1.00932042,-132.4452917,17.19012808,1.233382506,-0.000669294,0,0,1,0,53971.9041,RECT-558-20220727-13_55_51,16631.3,708.8384615,3847.94,0.815787548,-5.516621199,RECT-683-20220922-13_15_26,16713,926.60536,2195.1,0.577875559,0.5,589.1574499,22.5701069,170.2298454,0.047672703,0.752967974,622.4946684,DARK-684-20220922-13_15_32,-513.18,-513.18,1.233784338,0.468376475,0.378994387,0.853480096,0.526532825,-0.25940001,1.25940001,-,-,-,-,-,-,-,-,-,-,-,-,-,-,-,-,-,-,699.954,589.1574499,0.841708812,0.162898007,6,0.5,0: Broadleaf,2,1663870525,409.989,433.784,21.71,18.7727,410.582,21.67,600.162,101.597,0.099922,25.3046,24.8233,999.9,0,0,9989.38,0,754.961,-23.8255,419.056,442.083,2.93723,433.784,18.7727,2.20567,1.90726,19.0036,16.6947,699.954,0.943005,0.0569951,0,922.985,0.499931,9982.78,6138.85,35.812,38.187,37.187,36.937,37.312,659.59,39.87,0,254.3000002,0,926.60536,-18.76053848,2049.781535,9860.298,15,1663870562,13:16:02,1663870562,1659639627,9,0.031,0.04,-0.593,0.04,433,13,0.12,0.14,-23.74298,-0.597084428,0.077526931,1,409.9148667,-0.454905451,0.039659159,1,2.97461625,-0.34231666,0.035947753,1,21.74892333,-0.377259177,0.027738333,1,24.81585,0.047682314,0.005782084,1,5,5,5/5,3.17989,2.7968,0.104164,0.109109,0.113767,0.102962,28330.1,22230.4,29547,24437,33336.6,31993.9,40812.4,39877.9,2.19867,1.92035,0.0564344,0,23.8964,999.9,67.4,29,26.6792,62.1265,34.6194,1,-0.131054,-0.837865,20.2683,5.22867,11.9024,4.9641,3.292,9999,9999,9999,999.9,1.87691,1.87515,1.87393,1.87306,1.87462,1.86963,1.87378,1.87881,0,0,0,0,00000000,iiiiiiii,off,on,on,off,0,100,100,-0.593,0.04,-0.62335,0,0,0,0.04,0,0,0,-1,-1,-1,-1,3.7,70515,1.11694,2.38525,1.42578,2.28516,1.54785,2.29004,32.4654,15.2265,18,632.381,437.688,24.6317,25.552,29.9999,25.499,25.437,22.3789,32.3392,86.8579,24.7069,433.75,18.8705,96.3476,101.449
10,1663870872,2978.5,20220922 13:21:12,13:21:12,none,,,,,,,12,492,LCOR-492,1663870872,0.002070351,2.070351301,21.07483279,410.096,242.8309271,24.69513622,41.70546438,0.215241697,2.958293729,0.206904501,0.13003747,114.0002339,27.01335117,27.01335117,3.581967241,73.0204623,2.595262497,3.554157856,0.986704744,-91.30249235,-21.15620699,-1.542557716,-0.00102314,0,0,1,0,53768.76293,RECT-558-20220727-13_55_51,16631.3,708.8384615,3847.94,0.815787548,-5.516621199,RECT-685-20220922-13_21_13,16702.5,1014.433846,2352.13,0.568716931,0.5,589.0474252,21.07483279,167.5006218,0.045143146,0.63593849,634.507331,DARK-686-20220922-13_21_20,681.97,681.97,0.710062794,0.800938924,0.472464995,0.81403459,0.476508957,0.538444493,0.461555507,-,-,-,-,-,-,-,-,-,-,-,-,-,-,-,-,-,-,699.823,589.0474252,0.841709154,0.162898667,6,0.5,0: Broadleaf,2,1663870872,410.096,432.011,25.5196,23.5029,410.639,25.4796,600.243,101.597,0.0998329,26.8807,26.3049,999.9,0,0,10005,0,824.43,-21.9647,420.785,442.409,2.01668,432.011,23.5029,2.59272,2.38783,21.6205,20.2815,699.823,0.942986,0.0570144,0,1011.11,0.499931,10730,6137.67,36.75,39,37.812,38.5,38.375,659.45,39.87,0,347.4000001,0,1014.433846,-21.41059827,-627.7982904,10819.24231,15,1663870900,13:21:40,1663870900,1659639627,10,0.049,0.04,-0.543,0.04,433,13,0.18,0.14,-22.03839512,0.002726132,0.040564444,1,410.0145161,-0.163548387,0.02481918,1,2.011896098,0.38871993,0.049455096,1,25.58504839,-0.54618871,0.040953812,1,26.34142581,-0.279256452,0.021997287,1,5,5,5/5,3.17993,2.79683,0.104193,0.108806,0.127366,0.120398,28316.2,22230.9,29534.5,24430,32793.8,31349.6,40791.7,39864.5,2.196,1.92922,0.0656918,0,25.2284,999.9,68.1,29.2,27.2706,62.1865,34.1827,1,-0.12143,0,20.2824,5.22762,11.9021,4.96385,3.292,9999,9999,9999,999.9,1.87697,1.87515,1.87393,1.87314,1.87468,1.86966,1.87378,1.87884,0,0,0,0,00000000,iiiiiiii,off,on,on,off,0,100,100,-0.543,0.04,-0.592571429,0,0,0,0.04,0,0,0,-1,-1,-1,-1,5.2,70520.8,1.11938,2.37305,1.42578,2.2876,1.54785,2.43408,32.6204,15.2003,18,631.24,443.381,26.175,25.7107,30.0004,25.5738,25.5075,22.4178,16.0807,99.2916,-999.9,431.911,23.493,96.3022,101.417
11,1663871271,3377.5,20220922 13:27:51,13:27:51,none,,,,,,,15,032,LCOR-032,1663871271,0.001530726,1.530726092,20.46458623,409.866,171.6902705,17.4583916,41.67738283,0.143713242,2.951468611,0.139935832,0.08779101,114.0214706,26.42377446,26.42377446,3.459804093,69.88931284,2.379427887,3.40456615,1.080376205,-67.50502066,-43.37193216,-3.148818141,-0.004300347,0,0,1,0,53699.69013,RECT-558-20220727-13_55_51,16631.3,708.8384615,3847.94,0.815787548,-5.516621199,RECT-687-20220922-13_27_52,16605.9,877.89796,2090.71,0.580095776,0.5,589.1591504,20.46458623,170.8843673,0.044098793,0.840494378,613.8035469,DARK-688-20220922-13_27_59,602.37,602.37,0.711882566,0.81487566,0.541424157,0.877659034,0.559787563,0.559127226,0.440872774,-,-,-,-,-,-,-,-,-,-,-,-,-,-,-,-,-,-,699.956,589.1591504,0.841708837,0.162898054,6,0.5,0: Broadleaf,2,1663871271,409.866,430.948,23.3999,21.9057,410.511,23.3599,600.284,101.585,0.100387,26.1512,25.9591,999.9,0,0,9967.5,0,534.183,-20.9797,419.791,440.599,1.49422,430.948,21.9057,2.37708,2.22529,20.2085,19.1456,699.956,0.942992,0.0570078,0,875.833,0.499931,8518.3,6138.85,38.562,41.687,40.125,39.812,40.187,659.58,39.87,0,398.3000002,0,877.89796,-20.04138459,-280.9384609,8547.284,15,1663871293,13:28:12,1663871293,1659639627,11,-0.102,0.04,-0.645,0.04,431,13,0.09,0.14,-20.8400225,-1.63136848,0.187437362,1,409.9159667,-0.208845384,0.044710538,1,1.8309595,-3.080215835,0.33251883,0,23.04266,2.541026029,0.183389352,0,25.85604333,0.740153059,0.053523083,1,3,5,3/5,3.1803,2.79706,0.104177,0.108617,0.119928,0.114708,28329,22244.8,29545.8,24438.8,33096.3,31568.2,40810.6,39879.7,2.19385,1.92635,0.148918,0,23.5146,999.9,67.7,29.3,27.2701,62.2765,34.383,1,-0.13877,-2.40029,20.2555,5.22103,11.9077,4.9633,3.29128,9999,9999,9999,999.9,1.87697,1.87515,1.87392,1.87313,1.87465,1.86965,1.87378,1.87883,0,0,0,0,00000000,iiiiiiii,off,on,on,off,0,100,100,-0.645,0.04,-0.54335,0,0,0,0.04,0,0,0,-1,-1,-1,-1,6.2,70527.4,1.11572,2.39258,1.42578,2.28516,1.54785,2.29614,32.6648,15.0952,18,627.923,440.455,28.1768,25.435,29.9996,25.4157,25.3496,22.3503,19.3697,98.8682,28.1886,431.115,22.2979,96.3435,101.455
12,1663871447,3553,20220922 13:30:46,13:30:46,none,,,,,,,15,446,LCOR-446,1663871447,0.001134045,1.134045035,18.42359754,410.036,123.9960045,12.60848622,41.69435362,0.106542259,2.955532827,0.104453675,0.065467788,114.0320636,27.08842075,27.08842075,3.597789059,71.80243713,2.527055933,3.519457047,1.070733126,-50.01138603,-59.67564351,-4.353185151,-0.008151081,0,0,1,0,53717.64283,RECT-558-20220727-13_55_51,16631.3,708.8384615,3847.94,0.815787548,-5.516621199,RECT-689-20220922-13_30_48,16673.1,1039.1468,2182.73,0.523923344,0.5,589.2176504,18.42359754,154.3524408,0.040630519,0.76290242,621.4958438,DARK-690-20220922-13_30_54,666.49,666.49,0.694653026,0.754223078,0.523412281,0.775893728,0.530473443,0.483745068,0.516254932,-,-,-,-,-,-,-,-,-,-,-,-,-,-,-,-,-,-,700.026,589.2176504,0.841708237,0.162896898,6,0.5,0: Broadleaf,2,1663871447,410.036,428.915,24.8519,23.7466,410.609,24.8119,600.305,101.584,0.100617,26.7139,26.0984,999.9,0,0,9990.62,0,511.811,-18.9515,420.412,439.348,1.10531,428.915,23.7466,2.52454,2.41226,21.1856,20.4463,700.026,0.943016,0.056984,0,1022.34,0.499931,9500.64,6139.51,39.312,41.75,40.937,37.562,40.375,659.66,39.86,0,175.2,0,1039.1468,-143.8569233,-1076.443848,9633.934,15,1663871476,13:31:15,1663871476,1659639627,12,0.073,0.04,-0.573,0.04,428,13,0.29,0.14,-18.8350561,-0.598028571,0.090595585,1,409.9650968,-0.651532258,0.059694034,1,1.082014732,0.267870732,0.029597256,1,24.82266452,0.157630645,0.01181313,1,26.07157419,0.185404839,0.018375702,1,5,5,5/5,3.18064,2.79749,0.104247,0.108287,0.125112,0.121323,28330.9,22258,29549.1,24443.6,32895.6,31332.7,40811.8,39887.2,2.20175,1.93382,0.13195,0,23.9335,999.9,65.7,29.3,26.4675,61.9965,34.7115,1,-0.153064,-1.55941,20.2658,5.22613,11.906,4.96405,3.29163,9999,9999,9999,999.9,1.87696,1.87515,1.87393,1.87314,1.87464,1.86966,1.87378,1.87881,0,0,0,0,00000000,iiiiiiii,off,on,on,off,0,100,100,-0.573,0.04,-0.645380952,0,0,0,0.04,0,0,0,-1,-1,-1,-1,2.6,70530.3,1.1145,2.38159,1.42578,2.28638,1.54785,2.39502,32.4654,15.0777,18,632.152,443.678,28.1408,25.2607,29.9996,25.2743,25.2111,22.3139,0,100,28.1448,428.848,25.3389,96.3498,101.474
13,1663871636,3742.5,20220922 13:33:56,13:33:56,none,,,,,,,14,190,LCOR-190,1663871636,0.000866175,0.866175138,15.65298966,409.953,66.36607621,6.748062876,41.68377548,0.074740757,2.954122793,0.073705911,0.046157978,113.9917652,27.18847929,27.18847929,3.618972425,69.76342362,2.459777229,3.525883768,1.159195196,-38.19832358,-70.64562198,-5.159257995,-0.011438326,0,0,1,0,53670.75829,RECT-558-20220727-13_55_51,16631.3,708.8384615,3847.94,0.815787548,-5.516621199,RECT-691-20220922-13_33_57,16655.2,1003.94964,2104.34,0.522914719,0.5,589.0029001,15.65298966,153.999143,0.035941437,0.828573329,614.9729697,DARK-692-20220922-13_34_04,673.85,673.85,0.679780834,0.769240162,0.549322798,0.788526798,0.555445556,0.516313232,0.483686768,-,-,-,-,-,-,-,-,-,-,-,-,-,-,-,-,-,-,699.77,589.0029001,0.841709276,0.162898903,6,0.5,0: Broadleaf,2,1663871636,409.953,425.955,24.1915,23.3466,410.564,24.1515,600.228,101.579,0.100401,26.7449,26.0566,999.9,0,0,9983.12,0,461.002,-15.9634,420.155,436.137,0.844896,425.955,23.3466,2.45735,2.37152,20.7467,20.1706,699.77,0.942977,0.0570226,0,992.498,0.499931,8827.39,6137.19,39.937,41.937,41.375,38.437,41.062,659.4,39.87,0,188.9000001,0,1003.94964,-97.14815368,-697.9646142,8899.6032,15,1663871669,13:34:29,1663871669,1659639627,13,-0.038,0.04,-0.611,0.04,425,13,0.12,0.14,-15.9492439,-0.310371429,0.04770645,1,409.9615806,0.02666129,0.019019132,1,0.828042683,0.290984279,0.030942725,1,24.16743226,0.227066129,0.017384372,1,26.00323871,0.324420968,0.024725182,1,5,5,5/5,3.18073,2.79721,0.104282,0.10777,0.12284,0.119963,28341.4,22278,29560.1,24450.4,32995.3,31390.5,40827.2,39898.3,2.2044,1.93692,0.132974,0,23.8747,999.9,66.5,29.3,26.7888,62.0765,33.9583,1,-0.169723,-2.00939,20.2608,5.22463,11.9039,4.96375,3.29122,9999,9999,9999,999.9,1.87696,1.87514,1.8739,1.87303,1.8746,1.86962,1.87378,1.87881,0,0,0,0,00000000,iiiiiiii,off,on,on,off,0,100,100,-0.611,0.04,-0.5728,0,0,0,0.04,0,0,0,-1,-1,-1,-1,2.7,70533.5,1.10718,2.36694,1.42578,2.2876,1.54785,2.3999,32.1784,15.0426,18,631.777,443.814,28.0097,25.0413,29.9994,25.0658,25.0049,22.1934,0,100,27.9718,425.939,25.3389,96.3858,101.502
14,1663871932,4038.4,20220922 13:38:52,13:38:52,none,,,,,,,12,521,LCOR-521,1663871932,0.000418653,0.4186531,10.45644804,409.978,-106.4983053,-10.82926446,41.68855242,0.032761555,2.959195147,0.03256138,0.020368745,114.0273152,27.47063305,27.47063305,3.67929454,67.71155228,2.411049535,3.560765414,1.268245005,-18.46260169,-89.07429326,-6.508567152,-0.018146884,0,0,1,0,53789.22102,RECT-558-20220727-13_55_51,16631.3,708.8384615,3847.94,0.815787548,-5.516621199,RECT-693-20220922-13_38_53,16715.8,857.19752,1713.39,0.49970671,0.5,589.1955001,10.45644804,147.2124725,0.027109965,1.2458051,576.5291629,DARK-694-20220922-13_39_00,620.85,620.85,0.637648171,0.783671518,0.66144731,0.852313144,0.679987561,0.567596675,0.432403325,-,-,-,-,-,-,-,-,-,-,-,-,-,-,-,-,-,-,700,589.1955001,0.841707857,0.162896165,6,0.5,0: Broadleaf,2,1663871932,409.978,420.608,23.711,23.3022,410.623,23.671,599.892,101.586,0.0988524,26.9123,26.0511,999.9,0,0,10011.2,0,196.37,-10.5965,419.97,430.643,0.408848,420.608,23.3022,2.40872,2.36718,20.4225,20.141,700,0.943028,0.0569721,0,853.388,0.499931,8074.61,6139.31,37,39.625,38.5,36.25,38.5,659.65,39.85,0,295.4000001,0,857.19752,-32.45784611,-203.1915381,8105.1124,15,1663871962,13:39:21,1663871962,1659639627,14,-0.033,0.04,-0.645,0.04,420,13,0.53,0.14,-10.58446,-0.032814259,0.027801023,1,409.9864,0.046878754,0.014985771,1,0.404008725,-0.036574008,0.004978397,1,23.68572,0.248697664,0.018046577,1,26.03036333,0.14683782,0.011218184,1,5,5,5/5,3.18033,2.7959,0.104379,0.106836,0.121229,0.119899,28347,22310,29567.5,24458.7,33064.3,31402.4,40836.4,39911.5,2.2057,1.94545,0.154637,0,23.513,999.9,66.6,29,26.3676,62.1165,35.1442,1,-0.191316,-2.37068,20.2566,5.22538,11.9032,4.9636,3.29122,9999,9999,9999,999.9,1.87685,1.87512,1.87385,1.87302,1.87454,1.86953,1.87377,1.8788,0,0,0,0,00000000,iiiiiiii,off,on,on,off,0,100,100,-0.645,0.04,-0.61145,0,0,0,0.04,0,0,0,-1,-1,-1,-1,4.4,70538.4,1.09741,2.39014,1.42578,2.28516,1.54785,2.323,31.6955,14.9814,18,629.271,446.269,29.2643,24.7351,29.9998,24.756,24.6976,21.9896,0,100,29.2107,420.625,25.3389,96.4086,101.536
15,1663872120,4226.4,20220922 13:42:00,13:42:00,none,,,,,,,16,232,LCOR-232,1663872120,0.001667962,1.667961536,22.3776444,409.76,166.8214132,16.96341573,41.66688855,0.154275342,2.957327343,0.149939675,0.09409169,113.9870168,27.21473859,27.21473859,3.624549775,70.70931852,2.527590578,3.574621607,1.096959196,-73.55710375,-37.6807453,-2.7524184,-0.003250613,0,0,1,0,53722.76257,RECT-558-20220727-13_55_51,16631.3,708.8384615,3847.94,0.815787548,-5.516621199,RECT-695-20220922-13_42_01,16672.5,1063.723462,2444.49,0.564848512,0.5,588.9807499,22.3776444,166.34245,0.047360233,0.574127937,641.0409949,DARK-696-20220922-13_42_08,659.26,659.26,0.730307753,0.773439018,0.440135103,0.795532115,0.447086525,0.479351472,0.520648528,-,-,-,-,-,-,-,-,-,-,-,-,-,-,-,-,-,-,699.744,588.9807499,0.841708896,0.16289817,6,0.5,0: Broadleaf,2,1663872120,409.76,432.814,24.8568,23.2308,410.456,24.8168,600.185,101.586,0.100081,26.9784,26.1552,999.9,0,0,10000.6,0,413.392,-23.0031,420.257,443.108,1.62599,432.814,23.2308,2.52511,2.35993,21.1892,20.0914,699.744,0.942997,0.0570033,0,1051.4,0.499931,8794.42,6137,38.312,40.687,39.5,39.75,39.937,659.39,39.86,0,187.8000002,0,1063.723462,-111.9271794,-829.8618803,8895.7,15,1663872155,13:42:35,1663872155,1659639627,15,-0.051,0.04,-0.696,0.04,432,13,0.05,0.14,-22.985805,0.115398124,0.051631487,1,409.7594,0.620155729,0.057109602,1,1.63964,-0.011235647,0.007532451,1,24.80066667,0.385212013,0.02781198,1,26.18086667,-0.196121913,0.014844311,1,5,5,5/5,3.18107,2.79705,0.104389,0.109201,0.125317,0.119681,28352.9,22256.5,29573.7,24464.5,32909.3,31417.9,40841.7,39921,2.21015,1.9459,0.144113,0,23.7905,999.9,66.9,28.8,26.1793,61.7365,34.7276,1,-0.20127,0.0947957,20.2727,5.22717,11.9023,4.96445,3.292,9999,9999,9999,999.9,1.87683,1.87506,1.87379,1.87302,1.87454,1.86951,1.87378,1.8788,0,0,0,0,00000000,iiiiiiii,off,on,on,off,0,100,100,-0.696,0.04,-0.644714286,0,0,0,0.04,0,0,0,-1,-1,-1,-1,2.6,70541.6,1.12305,2.39136,1.42578,2.28638,1.54785,2.29858,31.5206,14.9638,18,631.221,445.513,26.3345,24.6637,29.9999,24.6395,24.5734,22.5124,0,100,26.2267,432.954,24.059,96.4242,101.56
16,1663872373,4478.9,20220922 13:46:12,13:46:12,none,,,,,,,12,419,LCOR-419,1663872373,0.001293819,1.293818901,17.97984549,410.059,147.8162176,15.03024073,41.6955973,0.113946069,2.961344102,0.111565198,0.069938017,114.0148907,27.06108819,27.06108819,3.592021345,69.49190818,2.447840339,3.52248255,1.144181006,-57.05741355,-53.09836336,-3.865541877,-0.006428044,0,0,1,0,53885.0251,RECT-558-20220727-13_55_51,16631.3,708.8384615,3847.94,0.815787548,-5.516621199,RECT-697-20220922-13_46_14,16659.9,941.53724,2148.89,0.561849494,0.5,589.1246916,17.97984549,165.499705,0.03988369,0.790664017,618.721568,DARK-698-20220922-13_46_20,647.32,647.32,0.698765409,0.804060257,0.530850273,0.838409409,0.541253597,0.552802654,0.447197346,-,-,-,-,-,-,-,-,-,-,-,-,-,-,-,-,-,-,699.915,589.1246916,0.84170891,0.162898196,6,0.5,0: Broadleaf,2,1663872373,410.059,428.561,24.0735,22.8114,410.731,24.0335,600.272,101.582,0.0999465,26.7285,25.987,999.9,0,0,10023.8,0,472.936,-18.5263,420.15,438.566,1.26217,428.561,22.8114,2.44543,2.31722,20.6678,19.7966,699.915,0.942997,0.0570033,0,936.532,0.499931,8323.6,6138.5,38,39.625,39.125,39,39.437,659.55,39.87,0,251.9000001,0,941.53724,-41.0403076,-198.0415384,8353.472,15,1663872402,13:46:42,1663872402,1659639627,16,0.024,0.04,-0.672,0.04,428,13,0.31,0.14,-18.52159,-0.042718199,0.019318512,1,410.0374,-0.121842047,0.015692036,1,1.21360025,0.177599662,0.017683465,1,23.94786,0.999323693,0.072432431,1,26.00317667,-0.130371524,0.010685744,1,5,5,5/5,3.18123,2.79711,0.104436,0.108389,0.122554,0.118186,28350.1,22274.2,29572.3,24461.8,33017.8,31469.2,40842.8,39916.8,2.20863,1.94528,0.122685,0,23.974,999.9,67.6,28.6,26.1505,62.3665,34.1186,1,-0.197749,-1.60398,20.2633,5.22867,11.9033,4.96445,3.292,9999,9999,9999,999.9,1.87683,1.87502,1.87378,1.87302,1.87454,1.86952,1.87378,1.87881,0,0,0,0,00000000,iiiiiiii,off,on,on,off,0,100,100,-0.672,0.04,-0.6959,0,0,0,0.04,0,0,0,-1,-1,-1,-1,3.6,70545.8,1.1145,2.37793,1.42578,2.2876,1.54785,2.42188,31.4988,14.9113,18,629.87,444.965,27.3923,24.6907,30.0003,24.6186,24.5508,22.315,5.82425,100,27.5375,428.556,21.9118,96.4239,101.549
17,1663872556,4662.4,20220922 13:49:16,13:49:16,none,,,,,,,13,453,LCOR-453,1663872556,0.001891338,1.891338097,20.94566235,409.787,235.8577876,23.98416827,41.67087491,0.20481869,2.955730694,0.197247834,0.123936792,114.0248432,26.64092784,26.64092784,3.504369284,73.78003989,2.558375956,3.467571933,0.945993328,-83.4080101,-28.54390598,-2.074787827,-0.001860673,0,0,1,0,53768.76348,RECT-558-20220727-13_55_51,16631.3,708.8384615,3847.94,0.815787548,-5.516621199,RECT-699-20220922-13_49_17,16682.2,964.6499231,2120.43,0.545068725,0.5,589.1715001,20.94566235,160.5694792,0.044914399,0.814697962,616.3397301,DARK-700-20220922-13_49_24,626.24,626.24,0.704663677,0.773516137,0.536210696,0.818777986,0.550319886,0.502158072,0.497841928,-,-,-,-,-,-,-,-,-,-,-,-,-,-,-,-,-,-,699.97,589.1715001,0.841709645,0.162899615,6,0.5,0: Broadleaf,2,1663872556,409.787,431.5,25.1588,23.3157,410.415,25.1188,600.213,101.589,0.100109,26.4618,25.828,999.9,0,0,9991.25,0,395.916,-21.7573,420.317,441.801,1.8431,431.5,23.3157,2.55585,2.36861,21.3866,20.1508,699.97,0.942974,0.0570263,0,953.547,0.499931,8743.93,6138.93,37.25,39.812,38.625,38.25,39.062,659.58,39.89,0,183.2,0,964.6499231,-89.73148726,-359.5165814,8795.610769,15,1663872590,13:49:50,1663872590,1659639627,17,0.044,0.04,-0.628,0.04,431,13,0.1,0.14,-21.87916829,0.387562369,0.069845881,1,409.6306452,1.58666129,0.12208552,1,1.808994634,0.164772962,0.017162318,1,25.15765484,-0.01623871,0.00143748,1,25.83561935,-0.125356452,0.010715874,1,5,5,5/5,3.18111,2.79699,0.104394,0.108963,0.126385,0.119993,28348.4,22260.2,29569.2,24462.2,32862.2,31403.8,40834.7,39917.7,2.21035,1.94687,0.117585,0,23.8982,999.9,67.4,28.5,25.9194,62.3865,34.0825,1,-0.197973,-2.17347,20.259,5.22553,11.9068,4.9638,3.292,9999,9999,9999,999.9,1.87686,1.87506,1.87378,1.87302,1.87454,1.86951,1.87377,1.87881,0,0,0,0,00000000,iiiiiiii,off,on,on,off,0,100,100,-0.628,0.04,-0.672,0,0,0,0.04,0,0,0,-1,-1,-1,-1,2.6,70548.8,1.12061,2.37305,1.42578,2.2876,1.54785,2.41333,31.5643,14.8763,18,631.062,445.827,27.7417,24.6865,30.0001,24.6125,24.5426,22.446,0,100,27.8499,431.667,23.4416,96.4086,101.551
18,1663872707,4813.4,20220922 13:51:47,13:51:47,none,,,,,,,13,447,LCOR-447,1663872707,0.00162837,1.628370312,16.40260572,409.709,241.3686371,24.54441866,41.66270045,0.165202099,2.959705155,0.160245012,0.100586117,113.991512,26.89334201,26.89334201,3.556800014,72.86957421,2.554517226,3.505601965,1.002282788,-71.81113074,-39.32318049,-2.860727551,-0.003526753,0,0,1,0,53851.85908,RECT-558-20220727-13_55_51,16631.3,708.8384615,3847.94,0.815787548,-5.516621199,RECT-701-20220922-13_51_48,16729.1,972.68112,1690.7,0.424687337,0.5,589.0042835,16.40260572,125.0713302,0.037214037,1.275944875,573.9373866,DARK-702-20220922-13_51_55,654.25,654.25,0.613030106,0.692767504,0.675469441,0.731283233,0.687215744,0.465973,0.534027,-,-,-,-,-,-,-,-,-,-,-,-,-,-,-,-,-,-,699.772,589.0042835,0.841708847,0.162898075,6,0.5,0: Broadleaf,2,1663872707,409.709,426.777,25.121,23.5337,410.384,25.081,600.062,101.589,0.0995166,26.6469,26.0416,999.9,0,0,10013.8,0,411.772,-17.0203,420.315,437.063,1.58735,426.777,23.5337,2.55202,2.39076,21.3621,20.3013,699.772,0.943001,0.0569988,0,953.318,0.499931,8726.93,6137.25,38.562,41.062,39.875,40.062,40.312,659.41,39.86,0,150.5,0,972.68112,-170.779308,-1237.480771,8871.772,15,1663872746,13:52:26,1663872746,1659639627,18,-0.047,0.04,-0.675,0.04,427,13,0.15,0.14,-17.03741,-0.05793546,0.057069365,1,409.5822333,1.503403782,0.109728053,1,1.54798175,0.129512083,0.013767368,1,25.12522667,0.106048498,0.00993985,1,26.10684,-0.397919466,0.030078061,1,5,5,5/5,3.18076,2.79659,0.104387,0.108065,0.126253,0.120764,28347.9,22281.3,29568.5,24460.7,32866.7,31374.1,40833.9,39915.7,2.2097,1.94783,0.118323,0,24.1005,999.9,66.9,28.5,25.7299,62.1665,35.1202,1,-0.198504,-0.410101,20.272,5.22373,11.9021,4.96365,3.29125,9999,9999,9999,999.9,1.87685,1.87507,1.87379,1.87302,1.87455,1.86951,1.87378,1.87881,0,0,0,0,00000000,iiiiiiii,off,on,on,off,0,100,100,-0.675,0.04,-0.62775,0,0,0,0.04,0,0,0,-1,-1,-1,-1,1.9,70551.3,1.10962,2.38281,1.42578,2.2876,1.54785,2.32422,31.5861,14.8588,18,630.633,446.426,26.2159,24.6948,30.0001,24.6165,24.5482,22.247,0,100,26.1708,426.73,24.7426,96.4065,101.546
19,1663873080,5185.9,20220922 13:57:59,13:57:59,none,,,,,,,10,547,LCOR-547,1663873080,0.00218837,2.188370242,20.10672167,410.018,257.4780184,26.18279653,41.69450245,0.226520555,2.950544801,0.217283688,0.136600815,114.0212351,27.0884999,27.0884999,3.597805773,72.83930306,2.604876798,3.576196762,0.992928976,-96.50712766,-16.32054237,-1.19417756,-0.000612467,0,0,1,0,53523.39477,RECT-558-20220727-13_55_51,16631.3,708.8384615,3847.94,0.815787548,-5.516621199,RECT-703-20220922-13_58_01,16721.2,901.21236,1900.42,0.525782532,0.5,589.1552418,20.10672167,154.8837675,0.043491666,1.024783995,596.2748958,DARK-704-20220922-13_58_07,540.95,540.95,0.715352396,0.734997933,0.588910157,0.838555825,0.620406819,0.441180292,0.558819708,-,-,-,-,-,-,-,-,-,-,-,-,-,-,-,-,-,-,699.951,589.1552418,0.841709265,0.162898882,6,0.5,0: Broadleaf,2,1663873080,410.018,431.013,25.616,23.4846,410.719,25.576,600.257,101.589,0.100444,26.9859,26.2239,999.9,0,0,9961.88,0,257.526,-20.9688,420.824,441.379,2.13142,431.013,23.4846,2.60229,2.38576,21.6808,20.2675,699.951,0.942986,0.0570144,0,897.722,0.499931,7531.65,6138.79,37.375,40.125,38.625,40.125,39.312,659.57,39.88,0,372.1000001,0,901.21236,-37.60715381,-209.5676924,7559.622,15,1663873120,13:58:40,1663873120,1659639627,19,-0.026,0.04,-0.701,0.04,434,13,0.14,0.14,-21.05961951,0.082584669,0.043103439,1,409.991871,0.507629032,0.041641126,1,2.040830488,0.510212613,0.051176664,0,25.53530968,0.745896774,0.056592547,1,26.24129032,-0.106045161,0.008913468,1,4,5,4/5,3.18108,2.79707,0.104444,0.108859,0.127959,0.120578,28329,22255.4,29551.1,24454.3,32780.5,31372.8,40808.8,39905.1,2.20948,1.94877,0.12134,0,24.2338,999.9,67.2,28.4,25.6945,62.0465,33.0569,1,-0.190589,0.192541,20.2721,5.22897,11.9035,4.96455,3.292,9999,9999,9999,999.9,1.87686,1.87504,1.87378,1.87302,1.87454,1.86951,1.87375,1.87881,0,0,0,0,00000000,iiiiiiii,off,on,on,off,0,100,100,-0.701,0.04,-0.6751,0,0,0,0.04,0,0,0,-1,-1,-1,-1,5.6,70557.5,1.11816,2.37671,1.42578,2.28638,1.54785,2.42676,31.6517,14.7887,18,631.001,447.327,26.8461,24.7686,30.0006,24.6641,24.5906,22.4066,10.1325,100,26.6788,431.085,23.2095,96.3483,101.519
20,1663873208,5314.4,20220922 14:00:08,14:00:08,none,,,,,,,10,466,LCOR-466,1663873208,0.001290663,1.290663491,15.44008461,410.083,209.254094,21.2776079,41.69851644,0.128806948,2.955626605,0.12576774,0.078871925,114.0157778,26.71378617,26.71378617,3.519433467,72.6452006,2.506854819,3.450819598,1.012578648,-56.91825997,-53.2345402,-3.869448661,-0.006471019,0,0,1,0,53780.33215,RECT-558-20220727-13_55_51,16631.3,708.8384615,3847.94,0.815787548,-5.516621199,RECT-705-20220922-14_00_09,16709.6,947.8688846,1711.95,0.446322098,0.5,589.131967,15.44008461,131.4713077,0.035572176,1.24769415,576.3660325,DARK-706-20220922-14_00_16,607.25,607.25,0.645287538,0.691663905,0.659115806,0.761711022,0.680446291,0.443112874,0.556887126,-,-,-,-,-,-,-,-,-,-,-,-,-,-,-,-,-,-,699.924,589.131967,0.841708481,0.162897369,6,0.5,0: Broadleaf,2,1663873208,410.083,426.048,24.6536,23.3951,410.684,24.6136,600.164,101.583,0.100114,26.3797,25.7825,999.9,0,0,9991.25,0,298.83,-16.0649,420.346,436.254,1.25854,426.048,23.3951,2.5044,2.37655,21.0551,20.2049,699.924,0.943009,0.0569914,0,927.735,0.499931,8227.85,6138.61,38.437,41.187,39.375,42,40.5,659.56,39.86,0,128.3000002,0,947.8688846,-176.9791794,-1211.977094,8356.232692,15,1663873246,14:00:46,1663873246,1659639627,20,0.1,0.04,-0.601,0.04,428,13,0.26,0.14,-15.91949268,-1.490935192,0.16895651,1,409.9667097,0.08966129,0.028609939,1,1.223742683,0.252894146,0.025423989,1,24.62223226,0.187345161,0.014055934,1,25.77085806,-0.040993548,0.006372409,1,5,5,5/5,3.18079,2.79699,0.104402,0.107887,0.124572,0.120235,28335.9,22278.4,29557.5,24453.5,32923.2,31385,40822,39904.4,2.20778,1.94565,0.113562,0,23.9188,999.9,66.1,28.4,25.2727,61.9265,34.1346,1,-0.183343,-2.27284,20.2575,5.22912,11.9041,4.96385,3.292,9999,9999,9999,999.9,1.87684,1.87506,1.87379,1.87302,1.87454,1.86951,1.87372,1.87879,0,0,0,0,00000000,iiiiiiii,off,on,on,off,0,100,100,-0.601,0.04,-0.700952381,0,0,0,0.04,0,0,0,-1,-1,-1,-1,1.5,70559.7,1.1084,2.37427,1.42578,2.2876,1.54785,2.41577,31.6736,14.7625,18,630.582,446.091,27.3819,24.8698,30.0004,24.7376,24.6618,22.2016,0,100,27.4266,426.089,30.4445,96.3751,101.517
21,1663873513,5619.5,20220922 14:05:13,14:05:13,none,,,,,,,14,549,LCOR-549,1663873513,0.002020286,2.02028616,19.45993338,409.717,249.2459424,25.34234115,41.65840331,0.207359759,2.948882123,0.199586423,0.125415639,114.0603932,26.86875583,26.86875583,3.551663119,72.51354005,2.553359965,3.521218194,0.998303154,-89.09461967,-23.26766955,-1.699348201,-0.001244193,0,0,1,0,53521.62213,RECT-558-20220727-13_55_51,16631.3,708.8384615,3847.94,0.815787548,-5.516621199,RECT-707-20220922-14_05_14,16659.2,930.6303077,1752.48,0.468963807,0.5,589.3641001,19.45993338,138.195216,0.042378819,1.195711221,580.8890054,DARK-708-20220922-14_05_21,637.03,637.03,0.636497991,0.736787568,0.65260627,0.787482734,0.667534954,0.504341821,0.495658179,-,-,-,-,-,-,-,-,-,-,-,-,-,-,-,-,-,-,700.2,589.3641001,0.841708226,0.162896877,6,0.5,0: Broadleaf,2,1663873513,409.717,429.999,25.1127,23.1437,410.373,25.0727,600.168,101.576,0.100043,26.7224,26.0223,999.9,0,0,9953.75,0,341.706,-20.2267,420.328,440.187,1.96898,429.999,23.1437,2.55086,2.35086,21.3547,20.0292,700.2,0.943023,0.0569767,0,917.518,0.499931,7872.24,6141.05,38,40.812,39.25,41.375,40,659.83,39.87,0,304.8000002,0,930.6303077,-110.0762393,-878.7856412,7975.513846,15,1663873534,14:05:34,1663873534,1659639627,21,-0.055,0.04,-0.656,0.04,430,13,0.08,0.14,-20.08315122,-0.858436934,0.092593497,1,409.7264516,0.559983871,0.047218667,1,1.965941951,-0.00582439,0.003869055,1,25.10339677,0.062370968,0.00472396,1,26.01686452,0.045072581,0.004163865,1,5,5,5/5,3.1808,2.7966,0.104329,0.108617,0.12616,0.119322,28338.9,22262,29558.1,24455.4,32861.2,31421,40821.6,39907.8,2.20835,1.9463,0.113554,0,24.1595,999.9,67.2,28.4,25.6975,62.2147,33.9864,1,-0.186596,-0.700441,20.2718,5.22672,11.9021,4.96405,3.2917,9999,9999,9999,999.9,1.87687,1.87513,1.87381,1.87302,1.87454,1.86952,1.87378,1.87881,0,0,0,0,00000000,iiiiiiii,off,on,on,off,0,100,100,-0.656,0.04,-0.60085,0,0,0,0.04,0,0,0,-1,-1,-1,-1,4.5,70564.8,1.11572,2.37183,1.42578,2.2876,1.54785,2.34863,31.7173,14.7099,18,631.471,446.859,26.0813,24.876,29.9999,24.7794,24.7092,22.3557,0,100,26.078,430.02,30.4445,96.3755,101.525
23,1663873882,5988.5,20220922 14:11:22,14:11:22,none,,,,,,,14,153,LCOR-153,1663873882,0.002860564,2.860564355,20.11001387,409.625,253.7490396,25.7986121,41.64648859,0.223919816,2.95881171,0.214913427,0.135099895,113.9983517,26.4674727,26.4674727,3.468732053,61.80623768,2.152888349,3.483286525,1.315843705,-126.1508881,11.32995294,0.822290859,-0.000292533,0,0,1,0,53844.76866,RECT-558-20220727-13_55_51,16631.3,708.8384615,3847.94,0.815787548,-5.516621199,RECT-711-20220922-14_11_23,16629.4,949.426,1963.51,0.516464902,0.5,589.0403916,20.11001387,152.1093441,0.043505735,0.959725186,602.3474503,DARK-712-20220922-14_11_30,619.44,619.44,0.684524143,0.754487489,0.583685922,0.808246596,0.600308712,0.492255037,0.507744963,-,-,-,-,-,-,-,-,-,-,-,-,-,-,-,-,-,-,699.815,589.0403916,0.841708725,0.16289784,6,0.5,0: Broadleaf,2,1663873882,409.625,430.9,21.1753,18.3762,410.343,21.1353,600.191,101.57,0.0997921,26.5385,25.895,999.9,0,0,10010.6,0,326.588,-21.1893,418.574,438.967,2.79917,430.9,18.3762,2.15078,1.86647,18.6003,16.3549,699.815,0.943008,0.0569922,0,943.886,0.499931,7904.77,6137.65,38.187,41,39.5,41.5,40.125,659.46,39.86,0,234.5,0,949.426,-40.94953839,467.1884615,7890.8616,15,1663873904,14:11:44,1663873904,1659639627,23,-0.086,0.04,-0.718,0.04,431,13,0.06,0.14,-21.10897561,-0.994576307,0.111862997,1,409.6286129,1.053774194,0.082973248,1,2.808688049,-0.174549199,0.020869842,1,21.17160645,-0.039009677,0.006216053,1,25.89843226,-0.075072581,0.007810555,1,5,5,5/5,3.18086,2.79685,0.104302,0.108755,0.111967,0.101593,28353.8,22265,29572.2,24461.9,33434.3,32076,40849,39919.1,2.21033,1.9345,0.10033,0,24.2491,999.9,66.8,28.4,25.5451,62.0047,35.1162,1,-0.195165,-1.31935,20.2676,5.22702,11.9081,4.9638,3.292,9999,9999,9999,999.9,1.87684,1.87512,1.87381,1.87302,1.87454,1.86953,1.87378,1.87881,0,0,0,0,00000000,iiiiiiii,off,on,on,off,0,100,100,-0.718,0.04,-0.631952381,0,0,0,0.04,0,0,0,-1,-1,-1,-1,3.4,70570.9,1.11328,2.37793,1.42578,2.28516,1.54785,2.41699,31.8049,14.6399,18,631.849,439.277,26.681,24.7738,29.9998,24.6841,24.6165,22.2887,29.0197,96.5136,26.7279,431.038,18.4426,96.4323,101.553
24,1663874045,6151,20220922 14:14:04,14:14:04,none,,,,,,,13,029,LCOR-029,1663874045,0.001887173,1.887173168,21.49988203,409.796,226.8163911,23.06136014,41.66565342,0.199439025,2.955249975,0.192252022,0.12078166,114.0200771,26.82687927,26.82687927,3.542928582,73.45209077,2.574907611,3.505560678,0.968020971,-83.22433672,-28.7067811,-2.09084422,-0.00188491,0,0,1,0,53721.20203,RECT-558-20220727-13_55_51,16631.3,708.8384615,3847.94,0.815787548,-5.516621199,RECT-713-20220922-14_14_06,16704.1,986.00844,2072.47,0.52423512,0.5,589.1546418,21.49988203,154.4277773,0.045856387,0.856692739,612.2216402,DARK-714-20220922-14_14_12,625.63,625.63,0.698123495,0.750920323,0.550992921,0.796741297,0.565598143,0.476464767,0.523535233,-,-,-,-,-,-,-,-,-,-,-,-,-,-,-,-,-,-,699.951,589.1546418,0.841708408,0.162897227,6,0.5,0: Broadleaf,2,1663874045,409.796,432.061,25.3251,23.4864,410.467,25.2851,600.222,101.574,0.100134,26.6467,26.06,999.9,0,0,9990,0,357.49,-22.3116,420.396,442.452,1.83872,432.061,23.4864,2.57238,2.38561,21.4918,20.2664,699.951,0.943009,0.0569914,0,973.336,0.499931,8141.38,6138.84,36.312,38.062,37.375,37.437,37.875,659.59,39.86,0,162.0999999,0,986.00844,-111.4239233,-574.2469242,8228.0916,15,1663874075,14:14:35,1663874075,1659639627,24,0.048,0.04,-0.671,0.04,432,13,0.2,0.14,-22.204235,-0.465041651,0.054114585,1,409.7229333,0.57098109,0.042555793,1,1.80313175,0.150041764,0.014841925,1,25.2666,0.488601557,0.035257349,1,26.05924333,-0.011332592,0.005078168,1,5,5,5/5,3.18104,2.79701,0.104373,0.109039,0.126926,0.120563,28340,22253.8,29560.2,24457.6,32832.6,31378.6,40823.7,39911.8,2.20972,1.94762,0.114322,0,24.1846,999.9,67.6,28.3,25.7002,61.9447,34.1266,1,-0.194284,-1.03242,20.2683,5.22687,11.9027,4.96425,3.292,9999,9999,9999,999.9,1.87692,1.87513,1.87385,1.87302,1.87456,1.86954,1.87378,1.87881,0,0,0,0,00000000,iiiiiiii,off,on,on,off,0,100,100,-0.671,0.04,-0.71815,0,0,0,0.04,0,0,0,-1,-1,-1,-1,2.3,70573.6,1.12061,2.38892,1.42578,2.28638,1.54785,2.31079,31.8707,14.5961,18,631.378,446.786,27.0374,24.7696,30.0002,24.6813,24.6063,22.4327,0,100,26.9835,432.187,24.7848,96.3812,101.535
25,1663874288,6394.5,20220922 14:18:08,14:18:08,none,,,,,,,15,578,LCOR-578,1663874288,0.001797329,1.797328676,19.47974441,410.043,230.3746012,23.42293442,41.69040445,0.183874658,2.953688679,0.177743977,0.111623775,114.0360878,26.86245315,26.86245315,3.550347317,72.77760687,2.553096646,3.508079966,0.997250671,-79.26219461,-32.41365399,-2.362645221,-0.002405994,0,0,1,0,53673.34128,RECT-558-20220727-13_55_51,16631.3,708.8384615,3847.94,0.815787548,-5.516621199,RECT-715-20220922-14_18_09,16709.3,864.129,1793.07,0.518072914,0.5,589.233367,19.47974441,152.6329237,0.042421843,1.14600657,585.2806386,DARK-716-20220922-14_18_16,1070.77,1070.77,0.402828668,1.286087498,0.739915093,0.856773638,0.654604502,1.593632329,-0.593632329,-,-,-,-,-,-,-,-,-,-,-,-,-,-,-,-,-,-,700.044,589.233367,0.841709045,0.162898458,6,0.5,0: Broadleaf,2,1663874288,410.043,430.254,25.1108,23.3591,410.647,25.0708,600.17,101.573,0.10025,26.6589,26.1024,999.9,0,0,9981.25,0,419.769,-20.2777,420.536,440.544,1.75167,430.254,23.3591,2.55058,2.37266,21.3529,20.1784,700.044,0.942986,0.0570144,0,863.305,0.499931,7757.57,6139.61,38.125,40.562,39.312,40.937,39.75,659.66,39.88,0,242.8999999,0,864.129,-12.39569233,23.28000003,7754.3676,15,1663874317,14:18:37,1663874317,1659639627,25,0.066,0.04,-0.604,0.04,432,13,0.1,0.14,-20.261765,-0.477696811,0.057334782,1,409.9447667,0.195497219,0.024292226,1,1.7134485,0.321077223,0.031469046,1,24.97624,1.075515017,0.07773305,0,26.08643333,0.050354616,0.004513486,1,4,5,4/5,3.18079,2.79704,0.104388,0.108676,0.12616,0.120094,28335.1,22259,29556.1,24453.7,32858.6,31391.3,40818.6,39905.9,2.20928,1.94368,0.0929125,0,24.5788,999.9,67.7,28.4,25.8899,62.3546,34.7236,1,-0.188107,-0.428317,20.2708,5.22672,11.9021,4.96445,3.292,9999,9999,9999,999.9,1.87688,1.87515,1.87381,1.87302,1.87456,1.86955,1.87378,1.87881,0,0,0,0,00000000,iiiiiiii,off,on,on,off,0,100,100,-0.604,0.04,-0.670571429,0,0,0,0.04,0,0,0,-1,-1,-1,-1,3.5,70577.7,1.11572,2.38403,1.42578,2.28638,1.54785,2.38403,31.9805,14.5698,18,631.714,444.994,26.181,24.8527,30.0001,24.7406,24.668,22.3434,8.47636,100,26.1059,430.274,23.0731,96.3685,101.519
26,1663874521,6627,20220922 14:22:00,14:22:00,none,,,,,,,11,586,LCOR-586,1663874521,0.001114188,1.114187912,15.77183642,409.925,165.4068595,16.81689255,41.6770181,0.107112423,2.956282809,0.105002188,0.065812501,114.0087422,27.0681239,27.0681239,3.593505249,72.48386128,2.547257052,3.514240283,1.046248198,-49.13568694,-60.4722471,-4.409172779,-0.008364588,0,0,1,0,53743.79302,RECT-558-20220727-13_55_51,16631.3,708.8384615,3847.94,0.815787548,-5.516621199,RECT-717-20220922-14_22_02,16696.3,1015.458077,1830.46,0.445244323,0.5,589.0950001,15.77183642,131.1456022,0.036137563,1.102171039,589.2091827,DARK-718-20220922-14_22_08,663.16,663.16,0.637708554,0.698194057,0.633475468,0.726628274,0.642693451,0.455966013,0.544033987,-,-,-,-,-,-,-,-,-,-,-,-,-,-,-,-,-,-,699.88,589.0950001,0.841708579,0.162897557,6,0.5,0: Broadleaf,2,1663874521,409.925,426.148,25.0542,23.9683,410.58,25.0142,600.206,101.57,0.0998618,26.6887,26.1084,999.9,0,0,9996.25,0,662.088,-16.1731,420.511,436.613,1.08591,426.148,23.9683,2.54477,2.43447,21.3157,20.5949,699.88,0.943012,0.0569877,0,986.334,0.499931,8814.72,6138.22,37.062,40.062,38.437,39.687,39,659.52,39.86,0,232.3,0,1015.458077,-241.7886492,-1664.434869,9016.646923,15,1663874549,14:22:28,1663874549,1659639627,26,-0.051,0.04,-0.655,0.04,426,13,0.32,0.14,-16.0188475,-0.808067167,0.081215014,1,409.9943,-0.344622914,0.02812727,1,0.96583855,0.339671302,0.039362325,1,24.96818667,0.785299221,0.057052641,1,26.12308333,-0.112949499,0.008762727,1,5,5,5/5,3.18085,2.79678,0.104356,0.10788,0.125942,0.122221,28332.6,22275.3,29552.7,24450,32864.8,31308.9,40815.3,39899.8,2.20625,1.94473,0.111416,0,24.2809,999.9,67.5,28.5,25.9625,62.0447,34.0665,1,-0.18327,-0.0752587,20.2727,5.22493,11.903,4.9637,3.29133,9999,9999,9999,999.9,1.87689,1.87515,1.87393,1.87302,1.87456,1.86959,1.87378,1.87881,0,0,0,0,00000000,iiiiiiii,off,on,on,off,0,100,100,-0.655,0.04,-0.6043,0,0,0,0.04,0,0,0,-1,-1,-1,-1,3.4,70581.6,1.10718,2.40112,1.42578,2.28638,1.54785,2.31934,32.0904,14.5261,18,630.197,446.11,25.9726,24.9057,30.0003,24.8029,24.7299,22.1732,0,100,25.9144,426.083,26.2999,96.3594,101.504
27,1663874812,6918.5,20220922 14:26:52,14:26:52,none,,,,,,,14,531,LCOR-531,1663874812,0.002081602,2.081602205,21.53813915,409.868,231.7930883,23.56592941,41.67044163,0.206111655,2.960220928,0.198457998,0.12470022,113.9820086,26.83798142,26.83798142,3.545242419,71.35850352,2.510618996,3.518317891,1.034623423,-91.79865726,-20.68008432,-1.504242241,-0.000975206,0,0,1,0,53855.44737,RECT-558-20220727-13_55_51,16631.3,708.8384615,3847.94,0.815787548,-5.516621199,RECT-719-20220922-14_26_53,16717.5,964.7289615,2157.8,0.552910853,0.5,588.9569504,21.53813915,162.8203449,0.045936737,0.783269997,619.4580455,DARK-720-20220922-14_27_00,650.21,650.21,0.698669942,0.791376328,0.528543686,0.823397314,0.538415206,0.533373437,0.466626563,-,-,-,-,-,-,-,-,-,-,-,-,-,-,-,-,-,-,699.716,588.9569504,0.841708565,0.162897531,6,0.5,0: Broadleaf,2,1663874812,409.868,432.245,24.6943,22.6654,410.56,24.6543,600.384,101.568,0.0999556,26.7084,26.0904,999.9,0,0,10018.8,0,371.196,-22.3406,420.283,442.27,2.02888,432.245,22.6654,2.50816,2.30209,21.0795,19.691,699.716,0.943005,0.0569951,0,964.142,0.499931,9189.95,6136.77,35.75,38.125,37,37.25,37.5,659.36,39.85,0,291,0,964.7289615,-28.48140174,584.7517941,8907.538846,15,1663874853,14:27:32,1663874853,1659639627,27,-0.037,0.04,-0.692,0.04,434,13,0.25,0.14,-22.27099268,-0.268256446,0.057823455,1,409.8906774,-0.017758065,0.025570128,1,2.018798049,0.272181324,0.028346952,1,24.53863871,1.245991935,0.0932646,0,26.02633871,0.598858065,0.044998686,1,4,5,4/5,3.18093,2.79708,0.104299,0.108976,0.124627,0.117551,28324.3,22241,29543.4,24443.3,32908.6,31472.1,40805.1,39889.9,2.2063,1.93535,0.11472,0,24.2086,999.9,67.9,28.7,26.4224,62.1847,34.375,1,-0.16435,0.478162,20.2705,5.22882,11.908,4.96445,3.292,9999,9999,9999,999.9,1.87696,1.87515,1.87392,1.87306,1.87461,1.86964,1.87378,1.87883,0,0,0,0,00000000,iiiiiiii,off,on,on,off,0,100,100,-0.692,0.04,-0.655,0,0,0,0.04,0,0,0,-1,-1,-1,-1,4.4,70586.4,1.11816,2.38159,1.42578,2.28516,1.54785,2.39258,32.377,14.4735,18,632.199,442.081,27.3875,25.1328,30.0003,24.9788,24.9036,22.3953,14.8166,100,27.3345,432.226,22.7679,96.3327,101.478
28,1663875053,7159.5,20220922 14:30:53,14:30:53,none,,,,,,,11,477,LCOR-477,1663875053,0.002072496,2.072496334,19.54426959,409.923,249.4631665,25.36203429,41.67541577,0.208460558,2.948929861,0.200606275,0.126059942,114.0256973,26.81985594,26.81985594,3.541465507,71.78448209,2.522456433,3.513929974,1.019009074,-91.39708832,-21.09000114,-1.539629766,-0.001021894,0,0,1,0,53529.0929,RECT-558-20220727-13_55_51,16631.3,708.8384615,3847.94,0.815787548,-5.516621199,RECT-721-20220922-14_30_54,16717.9,917.0898846,1901.81,0.517780491,0.5,589.1787584,19.54426959,152.5326334,0.042535292,1.023304116,596.4116658,DARK-722-20220922-14_31_01,622.07,622.07,0.672906337,0.769468889,0.603288415,0.82543471,0.619964017,0.521937402,0.478062598,-,-,-,-,-,-,-,-,-,-,-,-,-,-,-,-,-,-,699.979,589.1787584,0.841709192,0.16289874,6,0.5,0: Broadleaf,2,1663875053,409.923,430.308,24.8111,22.7909,410.56,24.7711,600.26,101.566,0.100449,26.6872,26.0203,999.9,0,0,9955,0,309.622,-20.4405,420.296,440.344,2.02016,430.308,22.7909,2.51997,2.31479,21.1561,19.7797,699.979,0.942986,0.0570144,0,911.866,0.499931,8068.24,6139.04,38.312,41.687,39.687,41.75,40.312,659.6,39.88,0,240.7,0,917.0898846,-48.06738461,-434.9275213,8115.708077,15,1663875088,14:31:28,1663875088,1659639627,28,0.055,0.04,-0.637,0.04,432,13,0.09,0.14,-20.24477805,-0.114204878,0.035312566,1,409.9772903,-0.366580645,0.04026941,1,1.955644634,0.451799373,0.044821208,1,24.76083548,0.433548387,0.032544129,1,25.97624194,0.407975806,0.030614711,1,5,5,5/5,3.18035,2.79702,0.104232,0.108541,0.124962,0.117932,28305.5,22240.5,29522.9,24432,32874.7,31443.9,40778,39871,2.20038,1.93417,0.108704,0,24.2371,999.9,67.4,28.8,26.3815,62.4147,33.734,1,-0.142828,-0.816231,20.2679,5.22882,11.9065,4.9642,3.292,9999,9999,9999,999.9,1.87697,1.87515,1.87391,1.87305,1.87455,1.86961,1.87378,1.87883,0,0,0,0,00000000,iiiiiiii,off,on,on,off,0,100,100,-0.637,0.04,-0.692095238,0,0,0,0.04,0,0,0,-1,-1,-1,-1,3.3,70590.4,1.11328,2.38403,1.42578,2.28638,1.54785,2.3999,32.5761,14.4472,18,630.623,443.369,27.2893,25.3978,30.0003,25.2278,25.1477,22.3093,14.9981,100,26.873,430.397,22.7882,96.2675,101.43
29,1663875434,7539.9,20220922 14:37:13,14:37:13,none,,,,,,,13,615,LCOR-615,1663875434,0.002026704,2.026703596,19.36145421,409.896,245.8514385,24.99175922,41.66752978,0.20163067,2.962159662,0.19430443,0.122076324,114.0012509,26.72636046,26.72636046,3.52203904,71.38753865,2.493102726,3.492350028,1.028936314,-89.3776286,-22.95796417,-1.666857483,-0.001199331,0,0,1,0,53934.54311,RECT-558-20220727-13_55_51,16631.3,708.8384615,3847.94,0.815787548,-5.516621199,RECT-723-20220922-14_37_15,16717.1,824.05956,1855.84,0.555964113,0.5,589.0555252,19.36145421,163.7468664,0.042233838,1.073422278,591.8144116,DARK-724-20220922-14_37_21,590.47,590.47,0.681831408,0.815398216,0.611548226,0.89954582,0.634608335,0.584263817,0.415736183,-,-,-,-,-,-,-,-,-,-,-,-,-,-,-,-,-,-,699.833,589.0555252,0.841708701,0.162897793,6,0.5,0: Broadleaf,2,1663875434,409.896,430.078,24.5254,22.5494,410.537,24.4854,600.303,101.554,0.0999068,26.5826,26.0899,999.9,0,0,10031.2,0,1167.91,-20.1779,420.206,440,1.97606,430.078,22.5494,2.49065,2.28997,20.9655,19.606,699.833,0.943002,0.056998,0,826.268,0.499931,9641.75,6137.79,37.75,41.5,39.062,41.562,39.75,659.47,39.86,0,379.8,0,824.05956,2.152461508,-27.10384593,9648.3828,15,1663875471,14:37:50,1663875471,1659639627,29,-0.005,0.04,-0.641,0.04,431,13,0.07,0.14,-20.16273171,-0.028133101,0.04276193,1,409.9047097,0.536322581,0.051135616,1,2.065306098,-0.484132683,0.048662766,1,24.57436774,-0.433829032,0.032617098,1,26.04540968,0.376156452,0.028385393,1,5,5,5/5,3.17987,2.79714,0.104111,0.108376,0.123833,0.116947,28286.7,22225.8,29501.6,24413.2,32898.2,31457.3,40750.9,39841.4,2.19653,1.92267,0.0666082,0,24.998,999.9,67.9,29.3,27.3614,61.6747,33.5897,1,-0.105722,0.0378622,20.273,5.22897,11.9048,4.96405,3.292,9999,9999,9999,999.9,1.87697,1.87515,1.87393,1.87309,1.8746,1.86964,1.87379,1.87882,0,0,0,0,00000000,iiiiiiii,off,on,on,off,0,100,100,-0.641,0.04,-0.63675,0,0,0,0.04,0,0,0,-1,-1,-1,-1,5.8,70596.8,1.11206,2.38525,1.42578,2.28638,1.54785,2.3938,32.8869,14.4035,18,632,439.787,25.8624,25.8422,30.0004,25.6078,25.533,22.2817,18.5534,100,25.787,430.146,22.729,96.2012,101.354
30,1663875657,7763.4,20220922 14:40:57,14:40:57,none,,,,,,,13,456,LCOR-456,1663875657,0.004398067,4.398067198,21.55536556,409.67,299.7437298,30.46870254,41.64261711,0.355654674,2.950844442,0.333441261,0.210280856,114.00428,27.07966367,27.07966367,3.595940263,62.06908841,2.294038889,3.695944225,1.301901374,-193.9547634,74.47390066,5.463800447,-0.01278229,0,0,1,0,53431.21399,RECT-558-20220727-13_55_51,16631.3,708.8384615,3847.94,0.815787548,-5.516621199,RECT-725-20220922-14_40_58,16717.6,937.0228,2132.29,0.560555647,0.5,589.0714835,21.55536556,165.1036732,0.045957049,0.804604439,617.3377921,DARK-726-20220922-14_41_05,625.46,625.46,0.706672169,0.793232946,0.532400511,0.839696447,0.546541735,0.52948069,0.47051931,-,-,-,-,-,-,-,-,-,-,-,-,-,-,-,-,-,-,699.852,589.0714835,0.841708652,0.162897698,6,0.5,0: Broadleaf,2,1663875657,409.67,433.02,22.5682,18.2707,410.347,22.5282,600.183,101.549,0.100174,27.5478,26.8854,999.9,0,0,9967.5,0,48.69,-23.3139,419.165,441.078,4.29747,433.02,18.2707,2.29178,1.85538,19.6188,16.2613,699.852,0.943005,0.0569951,0,936.692,0.499931,9813.71,6137.97,35.687,38.125,36.687,37.812,37.437,659.49,39.86,0,223.0999999,0,937.0228,4.18846157,-15.54461542,9818.3288,15,1663875695,14:41:35,1663875695,1659639627,30,-0.035,0.04,-0.677,0.04,432,13,0.07,0.14,-23.10361707,-0.88842439,0.108955724,1,409.6413871,-0.091258065,0.023620217,1,4.293119756,0.008319721,0.015619353,1,22.51470323,0.460306452,0.034980073,1,26.91810968,-0.509791935,0.039406102,1,5,5,5/5,3.17889,2.79685,0.103907,0.108736,0.116682,0.100814,28266.4,22196.4,29477,24393.2,33154.3,32018.3,40723.6,39810.2,2.19147,1.89953,0.0626557,0,25.8597,999.9,67.2,29.8,27.8716,62.3147,34.8197,1,-0.0536916,-1.01115,20.267,5.22103,11.9081,4.9635,3.29133,9999,9999,9999,999.9,1.87699,1.87519,1.87397,1.87317,1.87468,1.86966,1.87383,1.87895,0,0,0,0,00000000,iiiiiiii,off,on,on,off,0,100,100,-0.677,0.04,-0.6413,0,0,0,0.04,0,0,0,-1,-1,-1,-1,3.1,70600.5,1.11328,2.40234,1.42578,2.28516,1.54785,2.38403,33.4906,14.3509,18,634.223,430.661,27.6981,26.4683,29.9999,26.1485,26.0667,22.3077,34.5419,95.0259,27.8897,433.108,18.2823,96.1302,101.273
31,1663875897,8003.4,20220922 14:44:57,14:44:57,none,,,,,,,12,417,LCOR-417,1663875897,0.002457396,2.457395749,18.16325202,409.998,254.8644042,25.90734899,41.6769117,0.202099411,2.959062766,0.194732336,0.122347238,114.0221795,27.67450089,27.67450089,3.723424067,66.72825283,2.479788343,3.716249471,1.243635725,-108.3711525,-5.26459857,-0.38649207,-6.3631E-05,0,0,1,0,53654.15453,RECT-558-20220727-13_55_51,16631.3,708.8384615,3847.94,0.815787548,-5.516621199,RECT-727-20220922-14_44_58,16726.8,864.55004,1901.51,0.545335002,0.5,589.160275,18.16325202,160.6448599,0.040192583,1.023623331,596.3821587,DARK-728-20220922-14_45_05,610.02,610.02,0.6791918,0.802917529,0.601135914,0.869443033,0.620059586,0.566532564,0.433467436,-,-,-,-,-,-,-,-,-,-,-,-,-,-,-,-,-,-,699.957,589.160275,0.841709241,0.162898835,6,0.5,0: Broadleaf,2,1663875897,409.998,429.166,24.395,21.9979,410.686,24.355,600.087,101.552,0.0995,27.6415,26.9101,999.9,0,0,10013.8,0,1363.57,-19.1572,420.261,438.819,2.39712,429.166,21.9979,2.47736,2.23393,20.8785,19.2077,699.957,0.942982,0.0570181,0,863.074,0.499931,9515.67,6138.83,37.812,41.875,39.312,41.312,40,659.58,39.88,0,239.3999999,0,864.55004,-22.30984621,-173.9753847,9545.262,15,1663875923,14:45:23,1663875923,1659639627,31,-0.011,0.04,-0.688,0.04,429,13,0.09,0.14,-19.0534675,-0.143913321,0.054956225,1,410.0231,-0.185299221,0.033882493,1,2.25106025,0.066330844,0.029391724,1,24.45535333,-0.753301001,0.055858874,1,26.93346,-0.663649388,0.050176605,1,5,5,5/5,3.17823,2.79658,0.103879,0.107933,0.123093,0.114701,28242.5,22199.5,29453.3,24376.3,32882,31494.7,40690.9,39783.3,2.17868,1.8998,0.0774264,0,25.6424,999.9,66.2,30.3,28.255,62.2547,34.6434,1,-0.0155488,-2.68153,20.2488,5.22508,11.9081,4.96335,3.29133,9999,9999,9999,999.9,1.87699,1.87523,1.87396,1.87317,1.87469,1.86966,1.87392,1.87897,0,0,0,0,00000000,iiiiiiii,off,on,on,off,0,100,100,-0.688,0.04,-0.67675,0,0,0,0.04,0,0,0,-1,-1,-1,-1,3.4,70604.5,1.1084,2.40479,1.42578,2.28516,1.54785,2.37671,33.9413,14.3159,18,629.49,434.106,28.4062,26.8382,29.9992,26.5816,26.4953,22.1978,25.7088,96.3693,28.3517,429.051,21.5278,96.0528,101.204
32,1663876113,8218.9,20220922 14:48:32,14:48:32,none,,,,,,,11,081,LCOR-081,1663876113,0.002564203,2.564202703,17.53171661,410.024,259.7249903,26.40205172,41.68052848,0.20211489,2.960963397,0.194751252,0.122358775,114.0498728,27.43825347,27.43825347,3.672327781,64.65885377,2.373699307,3.671112567,1.298628474,-113.0813392,-0.902471428,-0.066064029,-1.86474E-06,0,0,1,0,53747.00464,RECT-558-20220727-13_55_51,16631.3,708.8384615,3847.94,0.815787548,-5.516621199,RECT-729-20220922-14_48_34,16697,865.30784,1702.16,0.491641303,0.5,589.308667,17.53171661,144.8642404,0.039110807,1.260621798,575.2521283,DARK-730-20220922-14_48_40,614.35,614.35,0.639076233,0.769299933,0.663590622,0.842478621,0.683565018,0.546186446,0.453813554,-,-,-,-,-,-,-,-,-,-,-,-,-,-,-,-,-,-,700.134,589.308667,0.841708397,0.162897207,6,0.5,0: Broadleaf,2,1663876113,410.024,428.598,23.3508,20.8477,410.7,23.3108,600.294,101.554,0.0998751,27.4326,26.8172,999.9,0,0,10024.4,0,996.619,-18.5859,419.815,437.723,2.50313,428.598,20.8477,2.37138,2.11717,20.1696,18.349,700.134,0.943012,0.0569877,0,857.097,0.499931,9450.46,6140.45,35.687,38.375,36.937,37.75,37.687,659.76,39.87,0,214.8999999,0,865.30784,-62.43323087,-440.9523083,9505.7232,15,1663876141,14:49:00,1663876141,1659639627,32,0.012,0.04,-0.676,0.04,428,13,0.11,0.14,-18.573915,-0.527612758,0.066759395,1,409.9409,0.243657397,0.028903691,1,2.5543775,-0.281258612,0.032100955,1,23.45495333,-1.047158176,0.076923948,0,26.77264667,0.211557731,0.016016215,1,4,5,4/5,3.17853,2.79705,0.10382,0.10776,0.119334,0.110444,28236.3,22198.3,29445.6,24370.9,33020.5,31642.3,40682.6,39774.8,2.18368,1.89365,0.0949651,0,25.2618,999.9,63.3,30.6,27.4854,62.1447,33.6378,1,-0.0063186,-1.58602,20.2646,5.22403,11.9081,4.96385,3.292,9999,9999,9999,999.9,1.87699,1.87525,1.87402,1.87318,1.87469,1.86966,1.87391,1.87896,0,0,0,0,00000000,iiiiiiii,off,on,on,off,0,100,100,-0.676,0.04,-0.68795,0,0,0,0.04,0,0,0,-1,-1,-1,-1,3.2,70608.1,1.10596,2.38892,1.42578,2.28638,1.54785,2.42065,34.1225,14.2984,18,635.359,432.134,27.9511,26.9873,30.0006,26.7819,26.6995,22.1618,29.2198,99.2424,28.0014,428.482,20.7794,96.031,101.182
33,1663876374,8480.4,20220922 14:52:54,14:52:54,none,,,,,,,13,172,LCOR-172,1663876374,0.002041017,2.041016599,18.42304205,409.954,208.7715993,21.22146919,41.67150229,0.155319573,2.956359104,0.150924519,0.094712344,114.0528623,27.67944189,27.67944189,3.72449931,64.73180742,2.391206299,3.694020596,1.333293011,-90.00883203,-22.40002008,-1.645163747,-0.00115355,0,0,1,0,53593.52914,RECT-558-20220727-13_55_51,16631.3,708.8384615,3847.94,0.815787548,-5.516621199,RECT-731-20220922-14_52_55,16683.8,892.2812692,2064.47,0.567791603,0.5,589.3215755,18.42304205,167.305921,0.040622411,0.863887584,611.5216151,DARK-732-20220922-14_53_02,-761.06,-761.06,1.368646674,0.414856233,0.386953786,0.864680924,0.568146643,-0.353846366,1.353846366,-,-,-,-,-,-,-,-,-,-,-,-,-,-,-,-,-,-,700.149,589.3215755,0.841708801,0.162897986,6,0.5,0: Broadleaf,2,1663876374,409.954,429.206,23.5241,21.5319,410.662,23.4841,600.242,101.549,0.100215,27.5389,26.9936,999.9,0,0,9998.75,0,1404.05,-19.2191,419.864,438.651,1.99216,429.206,21.5319,2.38885,2.18655,20.2884,18.8641,700.149,0.942993,0.057007,0,890.283,0.499931,9863.75,6140.55,38.375,41.812,39.875,40.937,40.187,659.76,39.88,0,261.0999999,0,892.2812692,-24.80810261,133.2943596,9810.010769,15,1663876408,14:53:28,1663876408,1659639627,33,-0.033,0.04,-0.708,0.04,429,13,0.1,0.14,-19.2902125,0.423544841,0.062256715,1,410.0180333,0.144560623,0.017784794,1,1.94578975,0.42344454,0.042423975,1,23.42566,0.853753949,0.062162784,1,26.92227667,0.51745228,0.037363045,1,5,5,5/5,3.17836,2.79716,0.103781,0.107847,0.119917,0.112922,28237.4,22197.8,29445.6,24372.8,32999.1,31555.5,40683.7,39778.3,2.18237,1.8916,0.0887327,0,25.5407,999.9,62.5,31.1,27.9253,62.4647,33.8942,1,-0.00429878,-2.18927,20.2574,5.22732,11.9081,4.9637,3.292,9999,9999,9999,999.9,1.877,1.87522,1.87399,1.87319,1.87469,1.86966,1.87392,1.87897,0,0,0,0,00000000,iiiiiiii,off,on,on,off,0,100,100,-0.708,0.04,-0.6755,0,0,0,0.04,0,0,0,-1,-1,-1,-1,3.9,70612.4,1.1084,2.38892,1.42578,2.28516,1.54785,2.43652,34.3269,14.2634,18,635.575,431.792,29.1983,27.0193,29.9997,26.8907,26.8092,22.2154,27.5436,99.2144,29.1944,429.395,21.6078,96.0326,101.19
34,1663876557,8663.4,20220922 14:55:57,14:55:57,none,,,,,,,13,501,LCOR-501,1663876557,0.002200049,2.200049496,17.97817035,410.097,234.3014347,23.81627551,41.6855456,0.174853571,2.956773587,0.169305508,0.10629975,113.9947766,27.52980238,27.52980238,3.692055158,65.67815678,2.410836772,3.670682751,1.281218386,-97.02218277,-15.81341287,-1.159755241,-0.00057427,0,0,1,0,53624.9204,RECT-558-20220727-13_55_51,16631.3,708.8384615,3847.94,0.815787548,-5.516621199,RECT-733-20220922-14_55_58,16705.3,935.7163846,2101.3,0.554696433,0.5,589.0241504,17.97817035,163.3647977,0.039887654,0.831218769,614.7130746,DARK-734-20220922-14_56_05,652.44,652.44,0.689506496,0.80448326,0.546593647,0.837067009,0.556413986,0.560936055,0.439063945,-,-,-,-,-,-,-,-,-,-,-,-,-,-,-,-,-,-,699.796,589.0241504,0.84170837,0.162897154,6,0.5,0: Broadleaf,2,1663876557,410.097,428.968,23.7175,21.5707,410.743,23.6775,600.299,101.548,0.100014,27.4306,26.9619,999.9,0,0,10001.2,0,1392.76,-18.9333,419.996,438.425,2.14675,428.968,21.5707,2.40847,2.19047,20.4208,18.8928,699.796,0.943009,0.0569914,0,929.908,0.499931,9361.13,6137.48,35.812,38.375,37.125,37.375,37.687,659.44,39.85,0,182.3999999,0,935.7163846,-37.25340169,-531.2953845,9448.097308,15,1663876595,14:56:34,1663876595,1659639627,34,0.062,0.04,-0.646,0.04,428,13,0.1,0.14,-18.95831951,-0.160170732,0.057182848,1,409.9899355,0.35066129,0.029472716,1,2.068672195,0.783941394,0.079867309,0,23.76105806,-0.196233871,0.01903521,1,26.94330323,0.12735,0.009718538,1,4,5,4/5,3.17859,2.79699,0.103808,0.10781,0.120617,0.11307,28238.7,22201.3,29447.4,24375.3,32973.1,31553.3,40685.2,39782.5,2.18225,1.88935,0.0811331,0,25.6336,999.9,63.8,31.3,28.8312,62.4947,33.6378,1,-0.0139431,-0.807925,20.2713,5.22777,11.9081,4.9638,3.292,9999,9999,9999,999.9,1.87704,1.87524,1.87405,1.8732,1.87469,1.86966,1.87392,1.87897,0,0,0,0,00000000,iiiiiiii,off,on,on,off,0,100,100,-0.646,0.04,-0.7082,0,0,0,0.04,0,0,0,-1,-1,-1,-1,2.5,70615.5,1.10718,2.39258,1.42578,2.28394,1.54785,2.43042,34.3497,14.2634,18,635.022,430.282,27.1695,26.9352,30.0004,26.8483,26.7799,22.1915,27.2611,97.3106,27.1848,428.786,21.5011,96.037,101.201
35,1663876799,8905.4,20220922 14:59:59,14:59:59,none,,,,,,,15,440,LCOR-440,1663876799,0.002408538,2.408537577,19.39636635,410.046,237.8896964,24.17954063,41.67781988,0.193337281,2.957127627,0.186579428,0.11719963,114.0439445,27.87723263,27.87723263,3.767764974,66.42612888,2.496109541,3.757722425,1.271655433,-106.2165071,-7.290908959,-0.53665079,-0.000122358,0,0,1,0,53563.64497,RECT-558-20220727-13_55_51,16631.3,708.8384615,3847.94,0.815787548,-5.516621199,RECT-735-20220922-15_00_00,16688.8,894.77164,1948.19,0.540716439,0.5,589.277575,19.39636635,159.3160361,0.042277169,0.975135895,600.8978706,DARK-736-20220922-15_00_07,628.75,628.75,0.677264538,0.79838292,0.590132922,0.849975433,0.605189089,0.561018296,0.438981704,-,-,-,-,-,-,-,-,-,-,-,-,-,-,-,-,-,-,700.097,589.277575,0.84170847,0.162897348,6,0.5,0: Broadleaf,2,1663876799,410.046,430.424,24.5579,22.2092,410.643,24.5179,600.176,101.542,0.0998155,27.8315,27.1568,999.9,0,0,10003.8,0,772.989,-20.4267,420.319,440.2,2.34868,430.424,22.2092,2.49365,2.25516,20.9851,19.3596,700.097,0.943012,0.0569877,0,892.882,0.499931,9433.27,6140.13,38.375,41.312,39.687,41.5,40.187,659.73,39.87,0,241.3,0,894.77164,-9.129615322,81.60923065,9396.6868,15,1663876840,15:00:39,1663876840,1659639627,35,0.05,0.04,-0.597,0.04,430,13,0.17,0.14,-20.39568537,0.062025784,0.047019558,1,410.0343871,-0.385693548,0.032238704,1,2.321110488,0.230945017,0.023342212,1,24.52319032,0.364379032,0.028191218,1,27.19420323,-0.286940323,0.021615802,1,5,5,5/5,3.1781,2.7968,0.103761,0.108056,0.123544,0.115347,28229.4,22188.5,29437.1,24368.8,32849.2,31462.8,40670.4,39771.8,2.182,1.88662,0.0736304,0,25.9518,999.9,64.3,31.5,29.3913,62.2347,34.7075,1,0.00216463,1.18195,20.265,5.22627,11.9081,4.9638,3.292,9999,9999,9999,999.9,1.87705,1.8753,1.87406,1.87324,1.8747,1.86967,1.87393,1.87897,0,0,0,0,00000000,iiiiiiii,off,on,on,off,0,100,100,-0.597,0.04,-0.646380952,0,0,0,0.04,0,0,0,-1,-1,-1,-1,3.4,70619.5,1.11206,2.41211,1.42578,2.28394,1.54785,2.34741,34.6463,14.2108,18,636.067,429.537,26.0996,27.1173,30.0003,26.9618,26.8876,22.2791,26.2259,97.3145,25.9566,430.496,22.0932,96.0027,101.174
36,1663876979,9084.9,20220922 15:02:58,15:02:58,none,,,,,,,13,457,LCOR-457,1663876979,0.00249209,2.492089953,16.82527505,409.827,257.6913595,26.190551,41.65290976,0.191414575,2.950601668,0.184773878,0.116061121,114.0079784,27.4122512,27.4122512,3.666741494,63.80970984,2.336444197,3.661580978,1.330297297,-109.9011669,-3.825891977,-0.280953271,-3.37404E-05,0,0,1,0,53452.23249,RECT-558-20220727-13_55_51,16631.3,708.8384615,3847.94,0.815787548,-5.516621199,RECT-737-20220922-15_03_00,16722,841.1970385,1785.3,0.528820345,0.5,589.0855167,16.82527505,155.760203,0.037926406,1.15534644,584.450359,DARK-738-20220922-15_03_06,574.85,574.85,0.678009298,0.779960314,0.630181266,0.877042911,0.657079733,0.533002573,0.466997427,-,-,-,-,-,-,-,-,-,-,-,-,-,-,-,-,-,-,699.868,589.0855167,0.84170946,0.162899259,6,0.5,0: Broadleaf,2,1663876979,409.827,427.667,22.9885,20.5546,410.434,22.9485,600.222,101.535,0.100348,27.3882,26.9669,999.9,0,0,9967.5,0,212.531,-17.8301,419.48,436.642,2.43383,427.667,20.5546,2.33413,2.08701,19.9139,18.1204,699.868,0.942982,0.0570181,0,841.512,0.499931,8482.77,6138.06,35.937,38.187,37,37.5,37.625,659.49,39.88,0,179.3,0,841.1970385,-5.321606808,-183.9507697,8496.982308,15,1663876997,15:03:16,1663876997,1659639627,36,-0.01,0.04,-0.607,0.04,428,13,0.11,0.14,-17.647605,-1.151441651,0.114230296,1,409.7938333,-0.101686318,0.017705147,1,2.4096725,-0.021557448,0.024047314,1,22.85221,0.93803693,0.067804259,1,26.93252,0.229834038,0.016666061,1,5,5,5/5,3.17799,2.79703,0.103659,0.10747,0.117921,0.109253,28225.2,22197.9,29430.4,24363.9,33060.3,31677.6,40663.5,39764.4,2.1795,1.87878,0.0637546,0,25.9233,999.9,64.2,31.7,29.6839,62.2447,34.0024,1,0.0131428,-1.42483,20.265,5.22822,11.9081,4.9638,3.292,9999,9999,9999,999.9,1.87713,1.87531,1.87408,1.87331,1.87471,1.86981,1.87393,1.87897,0,0,0,0,00000000,iiiiiiii,off,on,on,off,0,100,100,-0.607,0.04,-0.596714286,0,0,0,0.04,0,0,0,-1,-1,-1,-1,2.3,70622.5,1.10596,2.3999,1.42578,2.28394,1.54785,2.42432,35.0594,14.2021,18,635.827,426.144,28.2318,27.3083,30,27.1116,27.0319,22.1428,32.1565,94.8241,28.2307,427.697,20.602,95.9841,101.154
37,1663877142,9248.5,20220922 15:05:42,15:05:42,none,,,,,,,13,532,LCOR-532,1663877142,0.003305425,3.305424958,22.70636515,409.972,257.4403614,26.16537282,41.66817575,0.260150799,2.962532526,0.248092957,0.156094867,114.0258425,27.52563581,27.52563581,3.691155322,63.71572038,2.377443581,3.731329674,1.313711741,-145.7692406,29.57369299,2.167701957,-0.002003188,0,0,1,0,53742.70118,RECT-558-20220727-13_55_51,16631.3,708.8384615,3847.94,0.815787548,-5.516621199,RECT-739-20220922-15_05_43,16699.1,989.228,2350.57,0.579153992,0.5,589.1848921,22.70636515,170.6143913,0.047901748,0.637024211,634.3937553,DARK-740-20220922-15_05_50,652.83,652.83,0.722267365,0.801855408,0.468644272,0.829211091,0.477005914,0.529175545,0.470824455,-,-,-,-,-,-,-,-,-,-,-,-,-,-,-,-,-,-,699.987,589.1848921,0.841708335,0.162897086,6,0.5,0: Broadleaf,2,1663877142,409.972,434.026,23.3916,20.1645,410.59,23.3516,600.187,101.537,0.099638,27.7108,27.242,999.9,0,0,10035,0,1291.43,-24.0434,419.803,442.958,3.22703,434.026,20.1645,2.37511,2.04744,20.1951,17.8161,699.987,0.943012,0.0569877,0,982.718,0.499931,10217.9,6139.17,37.312,41.062,38.687,40.5,39.437,659.62,39.86,0,163.0999999,0,989.228,-52.34638468,-236.4538461,10252.932,15,1663877174,15:06:13,1663877174,1659639627,37,-0.011,0.04,-0.618,0.04,433,13,0.19,0.14,-23.90323171,-0.643850174,0.081676475,1,409.9613548,-0.608806452,0.056953036,1,3.219740976,-0.170314704,0.025428427,1,23.30554516,0.745722581,0.055803999,1,27.23643226,0.140670968,0.012247828,1,5,5,5/5,3.17788,2.7969,0.103677,0.108651,0.119349,0.107783,28221.7,22166.5,29427.4,24361.7,33002.3,31728,40659.5,39761,2.1777,1.87575,0.0846088,0,25.8573,999.9,64.9,31.9,30.3451,61.9574,34.1226,1,0.0162398,0.555346,20.2712,5.22897,11.9081,4.96375,3.292,9999,9999,9999,999.9,1.87714,1.87531,1.87408,1.87332,1.87475,1.8698,1.87393,1.87897,0,0,0,0,00000000,iiiiiiii,off,on,on,off,0,100,100,-0.618,0.04,-0.6068,0,0,0,0.04,0,0,0,-1,-1,-1,-1,2.4,70625.3,1.11694,2.41333,1.42578,2.28271,1.54785,2.32178,35.2902,14.1846,18,635.239,424.945,27.4751,27.3222,30.0003,27.1812,27.1017,22.3884,34.3419,91.2163,27.3963,433.895,20.2049,95.9745,101.146
38,1663877418,9524,20220922 15:10:17,15:10:17,none,,,,,,,13,431,LCOR-431,1663877418,0.005092086,5.092086491,24.14241069,409.841,302.2949134,30.72183081,41.65159685,0.41155166,2.961074513,0.382210888,0.241343412,114.0226901,26.79059602,26.79059602,3.535375856,60.45380359,2.219742981,3.671800364,1.315632876,-224.5610143,102.9987167,7.515354507,-0.024252887,0,0,1,0,53749.12828,RECT-558-20220727-13_55_51,16631.3,708.8384615,3847.94,0.815787548,-5.516621199,RECT-741-20220922-15_10_19,16717.1,910.29868,2281.33,0.600978955,0.5,589.1711418,24.14241069,177.0397286,0.050340266,0.686709069,629.2394445,DARK-742-20220922-15_10_25,627.6,627.6,0.724897319,0.829053908,0.486473478,0.871884704,0.499063181,0.571586276,0.428413724,-,-,-,-,-,-,-,-,-,-,-,-,-,-,-,-,-,-,699.971,589.1711418,0.841707931,0.162896306,6,0.5,0: Broadleaf,2,1663877418,409.841,436.06,21.8417,16.8628,410.547,21.8017,600.237,101.529,0.0996727,27.4358,26.7129,999.9,0,0,10027.5,0,1198.98,-26.1311,419.082,443.539,4.97885,436.06,16.8628,2.21756,1.71206,19.0897,15.0062,699.971,0.943028,0.0569721,0,907.098,0.499931,9688.44,6139.06,35.562,38.312,37,36.312,37.5,659.62,39.85,0,274.9000001,0,910.29868,-16.84884619,-274.0676934,9731.1008,15,1663877456,15:10:55,1663877456,1659639627,38,-0.088,0.04,-0.706,0.04,433,13,0.07,0.14,-26.0618878,-0.082524042,0.044275353,1,409.9503226,-0.37983871,0.034084702,1,5.02011561,-0.153065017,0.016186279,1,21.87022581,-0.281370968,0.021245098,1,26.70047419,0.106891935,0.008305691,1,5,5,5/5,3.17796,2.79687,0.103634,0.108977,0.113716,0.0949705,28221,22157.4,29425.5,24360.8,33217.7,32189.6,40658.4,39760.1,2.1815,1.86182,0.0644885,0,25.6569,999.9,64.8,32.3,30.9982,62.2975,34.8638,1,0.0205056,-2.43924,20.2543,5.22762,11.9081,4.96385,3.292,9999,9999,9999,999.9,1.87714,1.87535,1.8741,1.87332,1.8748,1.86981,1.87396,1.87907,0,0,0,0,00000000,iiiiiiii,off,on,on,off,0,100,100,-0.706,0.04,-0.618190476,0,0,0,0.04,0,0,0,-1,-1,-1,-1,4.1,70629.8,1.11816,2.39502,1.42578,2.28149,1.54785,2.4231,35.638,14.1408,18,638.495,417.403,29.3286,27.3732,30.0003,27.2202,27.1428,22.4067,44.646,81.2739,29.3499,436.1,16.9516,95.9704,101.143
39,1663877621,9727.5,20220922 15:13:41,15:13:41,none,,,,,,,13,225,LCOR-225,1663877621,0.003521497,3.521497083,21.75808849,409.998,270.3009504,27.47087915,41.66839034,0.274497609,2.955826322,0.261081153,0.164326476,114.0583592,27.36881762,27.36881762,3.657426833,62.73206809,2.326977528,3.709390745,1.330449305,-155.2980214,38.41756494,2.818704122,-0.003393073,0,0,1,0,53564.94979,RECT-558-20220727-13_55_51,16631.3,708.8384615,3847.94,0.815787548,-5.516621199,RECT-743-20220922-15_13_42,16707,984.13248,2214.83,0.555662295,0.5,589.3479001,21.75808849,163.7392033,0.046279472,0.737352302,624.0711981,DARK-744-20220922-15_13_49,661.46,661.46,0.701349539,0.792275839,0.512512239,0.81720082,0.520247587,0.532508364,0.467491636,-,-,-,-,-,-,-,-,-,-,-,-,-,-,-,-,-,-,700.18,589.3479001,0.841709132,0.162898625,6,0.5,0: Broadleaf,2,1663877621,409.998,433.19,22.8964,19.457,410.683,22.8564,600.256,101.531,0.0997161,27.6099,26.9624,999.9,0,0,9997.5,0,1120.56,-23.2124,419.584,441.785,3.43941,433.19,19.457,2.3247,1.97549,19.8486,17.2492,700.18,0.942989,0.0570107,0,979.122,0.499931,10228.3,6140.81,38,41.562,39.375,41.875,40.187,659.79,39.89,0,202.9000001,0,984.13248,-41.17176928,-297.7615386,10255.788,15,1663877643,15:14:03,1663877643,1659639627,39,0.021,0.04,-0.685,0.04,433,13,0.07,0.14,-23.329625,0.372182364,0.078381467,1,409.9516,0.828760845,0.064966966,1,3.562656,-0.383141088,0.042132974,1,22.75007333,1.45963782,0.107360663,0,27.05866667,-0.036114794,0.028626402,1,4,5,4/5,3.17795,2.79664,0.103665,0.108459,0.117545,0.105092,28213.2,22164.4,29418.6,24354.4,33062.2,31816.6,40647.8,39750.2,2.17693,1.8653,0.0675172,0,25.8572,999.9,64.1,32.5,31.0101,63.2875,33.9904,1,0.0595071,7.57841,20.075,5.22927,11.9122,4.9655,3.292,9999,9999,9999,999.9,1.87705,1.8753,1.87408,1.8733,1.87473,1.86972,1.87392,1.87898,0,0,0,0,00000000,iiiiiiii,off,on,on,off,0,100,100,-0.685,0.04,-0.70575,0,0,0,0.04,0,0,0,-1,-1,-1,-1,2.8,70633.2,1.1145,2.41455,1.42578,2.28149,1.54785,2.30591,35.7777,14.0532,18,635.456,419.601,25.488,27.4059,30.0067,27.2548,27.1771,22.3427,36.5796,77.1325,25.993,433.378,19.6424,95.9464,101.117
40,1663877812,9918.5,20220922 15:16:52,15:16:52,none,,,,,,,13,576,LCOR-576,1663877812,0.003241129,3.241129193,23.24011455,409.937,252.8469272,25.69676914,41.66179343,0.25786356,2.963500735,0.246015301,0.154778709,114.0287483,27.55884558,27.55884558,3.69833281,64.2466439,2.399579947,3.734949876,1.298752863,-142.9337974,26.92964562,1.973743271,-0.001660168,0,0,1,0,53767.84213,RECT-558-20220727-13_55_51,16631.3,708.8384615,3847.94,0.815787548,-5.516621199,RECT-745-20220922-15_16_53,16712.1,955.6646154,2340.29,0.591646926,0.5,589.2030584,23.24011455,174.3000892,0.048806155,0.644215033,633.6425589,DARK-746-20220922-15_17_00,640.36,640.36,0.726375791,0.814519059,0.470027248,0.84870764,0.480280737,0.545782921,0.454217079,-,-,-,-,-,-,-,-,-,-,-,-,-,-,-,-,-,-,700.009,589.2030584,0.841707833,0.162896118,6,0.5,0: Broadleaf,2,1663877812,409.937,434.491,23.611,20.4483,410.575,23.571,600.361,101.53,0.0997466,27.7274,26.8257,999.9,0,0,10041.2,0,1099.17,-24.6006,419.802,443.561,3.16268,434.491,20.4483,2.39724,2.07613,20.3451,18.0372,700.009,0.943028,0.0569721,0,952.793,0.499931,10171.8,6139.39,36.625,38.75,37.625,38.312,38.312,659.66,39.85,0,190.3,0,955.6646154,-27.68731627,-194.2666663,10205.67308,15,1663877853,15:17:32,1663877853,1659639627,40,0.047,0.04,-0.638,0.04,433,13,0.1,0.14,-24.44825122,0.064756098,0.100452753,1,409.9253871,-0.83516129,0.068396226,1,3.249984146,-0.445432265,0.051562896,1,23.5390871,0.539119355,0.040837465,1,26.95672903,-1.036185484,0.077470811,0,4,5,4/5,3.17809,2.79706,0.103627,0.10869,0.120079,0.108793,28211.4,22159.6,29415.9,24355.8,32962.6,31684.6,40644.4,39752,2.17735,1.86435,0.0808761,0,25.5013,999.9,62.3,32.8,30.6517,61.4975,34.5272,1,0.0285137,-1.40477,20.2653,5.22523,11.9081,4.9638,3.292,9999,9999,9999,999.9,1.87714,1.87541,1.87416,1.87337,1.87485,1.86981,1.874,1.87909,0,0,0,0,00000000,iiiiiiii,off,on,on,off,0,100,100,-0.638,0.04,-0.68475,0,0,0,0.04,0,0,0,-1,-1,-1,-1,2.8,70636.4,1.11938,2.39746,1.42578,2.28027,1.54785,2.41333,35.8711,14.097,18,636.723,419.714,28.4641,27.4896,29.9978,27.3431,27.266,22.4315,32.3293,67.7159,28.6799,434.518,20.3708,95.9382,101.122
41,1663878015,10121,20220922 15:20:14,15:20:14,none,,,,,,,13,183,LCOR-183,1663878015,0.004834827,4.834827484,22.14225517,409.782,306.0372171,31.10269002,41.64631558,0.391192275,2.962428263,0.364593331,0.230109753,113.9927096,27.25154393,27.25154393,3.632379679,61.85471461,2.324165683,3.757459229,1.308213996,-213.215892,92.43338299,6.770230567,-0.01956884,0,0,1,0,53718.17827,RECT-558-20220727-13_55_51,16631.3,708.8384615,3847.94,0.815787548,-5.516621199,RECT-747-20220922-15_20_16,16712.7,923.8496923,2127.57,0.565772364,0.5,589.0079333,22.14225517,166.6222053,0.046958411,0.808607942,616.9415334,DARK-748-20220922-15_20_22,629.6,629.6,0.704075542,0.8035677,0.534551974,0.848448262,0.54804535,0.547628286,0.452371714,-,-,-,-,-,-,-,-,-,-,-,-,-,-,-,-,-,-,699.776,589.0079333,0.841709252,0.162898856,6,0.5,0: Broadleaf,2,1663878015,409.782,433.897,22.8688,18.1462,410.511,22.8288,600.211,101.531,0.0994171,27.8303,27.0061,999.9,0,0,10035,0,160.985,-24.0233,419.466,441.916,4.72264,433.897,18.1462,2.3219,1.84241,19.8292,16.1513,699.776,0.942986,0.0570144,0,921.196,0.499931,9950.24,6137.25,37.562,41,38.75,41.5,39.812,659.41,39.87,0,202.1000001,0,923.8496923,-17.26892303,-151.2888888,9967.063077,15,1663878055,15:20:55,1663878055,1659639627,41,-0.091,0.04,-0.729,0.04,432,13,0.1,0.14,-23.9012375,-0.060352345,0.04154495,1,409.9125333,-0.041272525,0.017269884,1,4.7600145,-0.249096585,0.027694434,1,22.84644,0.086586874,0.007804298,1,26.99983667,0.064458287,0.005458662,1,5,5,5/5,3.17758,2.79668,0.103578,0.108523,0.117391,0.0999989,28205.4,22157.3,29409,24349.4,33059,31994.1,40635.6,39742.2,2.17435,1.85583,0.041537,0,26.3265,999.9,60.8,33.1,30.4241,62.3275,34.1546,1,0.0380437,-0.0702642,20.2736,5.22747,11.9081,4.9638,3.292,9999,9999,9999,999.9,1.87714,1.87538,1.87413,1.87335,1.87484,1.86981,1.87399,1.87907,0,0,0,0,00000000,iiiiiiii,off,on,on,off,0,100,100,-0.729,0.04,-0.637857143,0,0,0,0.04,0,0,0,-1,-1,-1,-1,2.7,70639.8,1.11694,2.4231,1.42578,2.28027,1.54785,2.28638,36.0347,14.0795,18,635.695,415.77,27.1158,27.6473,30.0006,27.4556,27.381,22.3706,38.9344,62.9527,27.1049,434.021,18.1618,95.9165,101.097
42,1663878207,10313,20220922 15:23:26,15:23:26,none,,,,,,,16,430,LCOR-430,1663878207,0.001741668,1.741667919,15.11518737,410.109,218.6678469,22.22294902,41.67888205,0.133716599,2.955350863,0.130444161,0.081814946,114.0019928,27.81076951,27.81076951,3.753177861,65.77748061,2.437576727,3.705792171,1.315601134,-76.80755524,-34.64917307,-2.548027971,-0.002763457,0,0,1,0,53554.00382,RECT-558-20220727-13_55_51,16631.3,708.8384615,3847.94,0.815787548,-5.516621199,RECT-749-20220922-15_23_28,16712.9,871.55144,1778.91,0.510064343,0.5,589.056667,15.11518737,150.2284008,0.035025168,1.163088633,583.7638906,DARK-750-20220922-15_23_34,628.91,628.91,0.646463284,0.789007443,0.642749524,0.847941962,0.659115347,0.569346396,0.430653604,-,-,-,-,-,-,-,-,-,-,-,-,-,-,-,-,-,-,699.834,589.056667,0.84170913,0.16289862,6,0.5,0: Broadleaf,2,1663878207,410.109,425.932,23.9851,22.2859,410.694,23.9451,600.245,101.529,0.0997915,27.5933,27.0744,999.9,0,0,9995,0,85.7145,-15.9671,420.04,435.641,1.69923,425.932,22.2859,2.43518,2.26266,20.5996,19.413,699.834,0.942986,0.0570144,0,870.613,0.499931,9259.74,6137.77,35.812,38.25,36.812,38.187,37.937,659.46,39.87,0,191.3999999,0,871.55144,-11.3594616,52.16692408,9292.2264,15,1663878247,15:24:07,1663878247,1659639627,42,0.144,0.04,-0.585,0.04,425,13,0.21,0.14,-15.89695854,-0.470262021,0.066782096,1,409.9647419,-0.323951613,0.033149678,1,1.744984634,-0.22924223,0.024549792,1,24.04769032,-0.458119355,0.034534315,1,27.03788065,0.486759677,0.036811161,1,5,5,5/5,3.1775,2.79672,0.103585,0.107023,0.121333,0.115442,28192.7,22188,29396.6,24342.7,32894.2,31428.1,40618.3,39730.8,2.17202,1.86348,0.10065,0,25.4263,999.9,59.1,33.4,30.0767,62.5975,34.379,1,0.0536611,0.991443,20.2665,5.22388,11.9081,4.96325,3.29125,9999,9999,9999,999.9,1.87714,1.87544,1.87422,1.87341,1.87485,1.86981,1.87404,1.8791,0,0,0,0,00000000,iiiiiiii,off,on,on,off,0,100,100,-0.585,0.04,-0.729238095,0,0,0,0.04,0,0,0,-1,-1,-1,-1,2.5,70643,1.10352,2.39624,1.42578,2.28149,1.54785,2.42676,36.2459,14.0707,18,635.466,421.024,27.9321,27.7653,29.9981,27.5958,27.5136,22.1177,25.5181,58.7508,27.9908,425.96,22.5158,95.8758,101.068
43,1663878416,10522.5,20220922 15:26:56,15:26:56,none,,,,,,,13,288,LCOR-288,1663878416,0.004637551,4.637550831,21.92197006,409.861,303.805892,30.87501354,41.65312214,0.377187177,2.955206833,0.352337659,0.222307098,114.020819,27.20511712,27.20511712,3.622505351,62.19823561,2.323995858,3.736433735,1.298509493,-204.5159916,84.29407148,6.184755902,-0.016345248,0,0,1,0,53524.67314,RECT-558-20220727-13_55_51,16631.3,708.8384615,3847.94,0.815787548,-5.516621199,RECT-751-20220922-15_26_57,16757.3,915.5495385,2124.4,0.569031473,0.5,589.1557835,21.92197006,167.6240917,0.046572727,0.811306722,616.6747006,DARK-752-20220922-15_27_04,631.86,631.86,0.702570137,0.809928351,0.535913286,0.853972384,0.549055193,0.558966289,0.441033711,-,-,-,-,-,-,-,-,-,-,-,-,-,-,-,-,-,-,699.952,589.1557835,0.841708837,0.162898054,6,0.5,0: Broadleaf,2,1663878416,409.861,433.669,22.8678,18.3391,410.584,22.8278,600.371,101.527,0.100435,27.7342,26.951,999.9,0,0,9994.38,0,1100.19,-23.6702,419.594,441.771,4.52871,433.669,18.3391,2.32169,1.86191,19.8277,16.3164,699.952,0.942994,0.0570062,0,911.93,0.499931,9074.59,6138.82,37.375,40.125,38.5,40.375,39.125,659.58,39.87,0,209.3999999,0,915.5495385,-37.58215381,-260.3073507,9098.361154,15,1663878454,15:27:34,1663878454,1659639627,43,-0.138,0.04,-0.723,0.04,431,13,0.15,0.14,-23.7349439,0.354186063,0.060361327,1,409.92,0.59666129,0.052349939,1,4.523755366,-0.141963554,0.030365878,1,22.82759355,0.226567742,0.017534003,1,26.94652258,-0.103345161,0.009795085,1,5,5,5/5,3.17781,2.79734,0.103547,0.108437,0.117339,0.10071,28198.1,22155.4,29400.8,24345.5,33052.6,31963.6,40624.9,39736,2.17467,1.85187,0.0681467,0,25.8354,999.9,58.3,33.7,30.1716,62.2975,34.8478,1,0.0470783,-1.30231,20.2664,5.22358,11.9081,4.9637,3.292,9999,9999,9999,999.9,1.8772,1.87543,1.87417,1.87337,1.87485,1.86981,1.87405,1.87908,0,0,0,0,00000000,iiiiiiii,off,on,on,off,0,100,100,-0.723,0.04,-0.584761905,0,0,0,0.04,0,0,0,-1,-1,-1,-1,2.8,70646.5,1.11572,2.3999,1.42578,2.28027,1.54785,2.42798,36.4107,14.0445,18,637.621,414.639,28.3185,27.7574,29.9998,27.6121,27.5305,22.3623,38.0754,54.2435,28.358,433.563,18.3427,95.8907,101.081
44,1663878692,10798.5,20220922 15:31:32,15:31:32,none,,,,,,,12,038,LCOR-038,1663878692,0.002560212,2.560212178,19.54135673,410.016,239.8021166,24.36861399,41.6656941,0.197580133,2.956287516,0.190526312,0.119691722,114.0432863,27.37445234,27.37445234,3.658634075,63.80195479,2.333370734,3.657208845,1.325263341,-112.905357,-1.060245359,-0.077686484,-2.58077E-06,0,0,1,0,53621.34296,RECT-558-20220727-13_55_51,16631.3,708.8384615,3847.94,0.815787548,-5.516621199,RECT-753-20220922-15_31_33,16705,911.8168077,2151.6,0.576214534,0.5,589.2711755,19.54135673,169.773308,0.042523678,0.788408626,618.9460293,DARK-754-20220922-15_31_40,631.47,631.47,0.706511433,0.815577084,0.52739183,0.859312616,0.540390293,0.564820101,0.435179899,-,-,-,-,-,-,-,-,-,-,-,-,-,-,-,-,-,-,700.089,589.2711755,0.841708948,0.162898269,6,0.5,0: Broadleaf,2,1663878692,410.016,430.597,22.9618,20.4616,410.658,22.9218,600.294,101.52,0.0996785,27.3678,26.7884,999.9,0,0,10001.2,0,1449.97,-20.6614,419.57,439.592,2.50017,430.597,20.4616,2.33108,2.07727,19.8928,18.0459,700.089,0.942989,0.0570107,0,908.281,0.499931,9203.43,6140.01,36.75,40.5,38.125,39.5,38.875,659.7,39.88,0,275.3,0,911.8168077,-27.33398291,-1761.829745,9247.524615,15,1663878718,15:31:58,1663878718,1659639627,44,0.08,0.04,-0.642,0.04,431,13,0.12,0.14,-20.66500976,0.168409756,0.072812723,1,409.9657097,0.389758065,0.039506793,1,2.575086829,-0.399081324,0.041463539,1,23.03533871,-0.761225806,0.058047815,1,26.74901613,0.264087097,0.019793712,1,5,5,5/5,3.17769,2.79665,0.103563,0.10788,0.117679,0.108771,28200.4,22170.1,29403.6,24346.2,33042.9,31674,40629.1,39737.4,2.17388,1.85177,0.0809841,0,25.4622,999.9,57.7,34,30.3696,62.2975,34.1026,1,0.0447713,-1.71361,20.2633,5.22208,11.9081,4.96325,3.29133,9999,9999,9999,999.9,1.87721,1.8754,1.87416,1.87347,1.87485,1.86983,1.87404,1.87911,0,0,0,0,00000000,iiiiiiii,off,on,on,off,0,100,100,-0.642,0.04,-0.7226,0,0,0,0.04,0,0,0,-1,-1,-1,-1,4,70651.1,1.11206,2.41089,1.42578,2.27905,1.54785,2.41089,36.6469,14.0007,18,636.699,414.42,28.4825,27.7122,30.0002,27.5818,27.5078,22.2755,31.5639,51.4727,28.5133,430.724,20.7237,95.9002,101.084