SYS,SYS,SYS,SYS,SYS,USERDEF,USERDEF,USERDEF,USERDEF,PORO,PORO,PORO,PORO,PORO,PORO,PORO,PORO,PORO,PORO,PORO,PORO,FLUORO,FLUORO,FLUORO,FLUORO,FLUORO,FLUORO,FLUORO,FLUORO,FLUORO,FLUORO,SENSOR,SENSOR,SENSOR,SENSOR,SENSOR,SENSOR,SENSOR,SENSOR,SENSOR,SENSOR,SENSOR,SENSOR,SENSOR,SENSOR,SENSOR,SENSOR,SENSOR,SENSOR,SENSOR,SENSOR,SENSOR,SENSOR,SENSOR,SENSOR,SENSOR,SENSOR,SENSOR,MATCH,MATCH,MATCH,STABILITY,STABILITY,STABILITY,STABILITY,STABILITY,STABILITY,P_CONFIG,P_CONFIG,P_CONFIG,P_CONFIG,FL_CONFIG,FL_CONFIG,FL_CONFIG,FL_CONFIG,FL_CONFIG,FL_CONFIG,FL_CONFIG,FL_CONFIG,FL_CONFIG,FL_CONFIG,FL_CONFIG,FL_CONFIG,FL_CONFIG,FL_CONFIG,FL_CONFIG,SENSOR_V,SENSOR_V,SENSOR_V,SENSOR_V,SENSOR_V,SENSOR_V,SENSOR_V,SENSOR_V,SENSOR_V,SENSOR_V,USERCAL,USERCAL,USERCAL,USERCAL,USERCAL,USERCAL,USERCAL,USERCAL,USERCAL,USERCAL,META,META,META,META,META,META,META
Obs#,Time,Date,configName,configAuthor,remark,Observation,,,gsw,gbw,gtw,E_apparent,VPcham,VPref,VPleaf,VPDleaf,H2O_r,H2O_s,H2O_leaf,leaf_area,flashID,Fo,Fm,Fv/Fm,Fs,Fm',PhiPS2,PS2/1,abs,ETR,rh_s,rh_r,Tref,Tleaf,P_atm,flow,flow_s,leak_pct,Qamb,batt,pitch,roll,heading,angle_inc_leaf,direct_pct,slope_leaf,az_leaf,dec_solar,az_solar,zenith_solar,gps_time,gps_date,latitude,longitude,altitude,gps_sats,gps_HDOP,match_time,match_date,rh_adj,gsw1sec,gsw2sec,gsw4sec,flr1sec,flr2sec,flr4sec,auto,flow_set,gsw_limit,gsw_period,dark,flash_type,flash_intensity,modrate,flr_limit,flr_period,P1_dur,P2_dur,P3_dur,P1_Fmax,P2_ramp,P2_slp,P3_Fmax,P3_Pred,P3_DeltaF,v_humA,v_humB,v_flowIn,v_flowOut,v_temp,v_irt,v_pres,v_par,v_F,i_LED,b_rhr,m_rhr,span_rhr,b_rhs,m_rhs,span_rhs,z_flowIn,z_flowOut,z_quantum,z_flr,flashId,lciSerNum,lcpSerNum,lcfSerNum,lcrhSerNum,version,configUpdatedAt
,HHMMSS,YYYYMMDD,,,,,,,mol+1m-2s-1,mol+1m-2s-1,mol+1m-2s-1,mmol+1m-2s-1,kPa,kPa,kPa,kPa,mmol+1mol-1,mmol+1mol-1,mmol+1mol-1,cm+2,,,,,,,,,,umol+1m-2s-1,%,%,C,C,kPa,umol+1sec-1,umol+1sec-1,%,umol+1m-2s-1,V,,,,,,,,,,,,,,,,,,HHMMSS,YYYYMMDD,%,,,,,,,,umol+1sec-1,(umol+1m-2s-1)s-1,s,,,umol+1m-2s-1,Hz,s-1,s,ms,ms,ms,,%,,,,,V,V,V,V,V,V,V,V,V,A,,,,,,,,,,,,,,,,,
1,10:20:02,2023-07-13,Auto gsw+F,LI-COR Default,,001,,,0.137370,2.920354,0.131199,2.494663,1.596219,1.525991,3.474988,1.878768,15.057645,15.750623,34.289284,0.441786,PSF-00508_20230713102002,0.000000,0.000000,0.000000,77.465775,235.468704,0.671015,0.5,0.80,153.526962,45.73,43.72,26.57,26.50,101.34,156.5,156.0,0.4,572,3.987,4,-32,2,,,,,,,,17:22:23,2023-07-13,44.588787,-123.199257,68.199997,19,0.610000,10:05:26,2023-07-13,-0.09,0.001,0.003,-9999.000,0.406,1.106,-9999.000,1,150,0.005,2.000000,0,mpf,7000,500,5.000000,2.000000,300,300,300,223.109726,25,-8.337431,228.041763,223.557602,4.484161,2.471072,2.489730,1.655635,0.934770,0.256150,-0.001326,0.497402,0.599694,77.465775,0.000419,2.400422,-0.000034,1.000000,2.415003,-0.000039,1.000000,0.602514,0.600977,0.107400,0.000000,PSF-00508_20230713102002,PFA-00566,PSA-00583,PSF-00508,RHS-0736,2.0.0,2022-04-21T19:36:20.491Z
2,10:24:13,2023-07-13,Auto gsw+F,LI-COR Default,,002,,,0.062461,2.919608,0.061153,1.415064,1.570142,1.530272,3.852476,2.282333,15.099814,15.493231,38.013943,0.441786,PSF-00508_20230713102413,0.000000,0.000000,0.000000,70.544601,133.817444,0.472830,0.5,0.80,319.022095,43.36,42.26,27.20,28.26,101.34,156.4,155.6,0.5,1687,3.982,-34,25,358,,,,,,,,17:26:33,2023-07-13,44.588924,-123.199257,67.400002,19,0.610000,10:23:54,2023-07-13,-0.09,0.000,0.001,-9999.000,0.686,1.517,-9999.000,1,150,0.005,2.000000,0,mpf,7000,500,5.000000,2.000000,300,300,300,128.458145,25,-3.597433,130.195496,128.678040,1.517456,2.468896,2.486233,1.654867,0.933907,0.249887,0.012424,0.516301,1.559138,70.544601,0.000425,2.400422,-0.000034,1.000000,2.415003,-0.000039,1.000000,0.602514,0.600977,0.107400,0.000000,PSF-00508_20230713102413,PFA-00566,PSA-00583,PSF-00508,RHS-0736,2.0.0,2022-04-21T19:36:20.491Z
3,10:26:53,2023-07-13,Auto gsw+F,LI-COR Default,,003,,,0.058466,2.920088,0.057319,1.126413,1.549410,1.517683,3.491168,1.941758,14.977809,15.290920,34.453873,0.441786,PSF-00508_20230713102653,0.000000,0.000000,0.000000,80.517410,240.477402,0.665177,0.5,0.80,58.263771,41.78,40.92,27.61,26.58,101.33,156.5,155.4,0.7,219,3.978,54,-40,7,,,,,,,,17:29:13,2023-07-13,44.588757,-123.199203,66.300003,17,0.690000,10:23:54,2023-07-13,-0.09,-0.000,0.002,-9999.000,0.396,3.612,-9999.000,1,150,0.005,2.000000,0,mpf,7000,500,5.000000,2.000000,300,300,300,233.632202,25,-4.595808,235.626694,233.911697,1.714996,2.466922,2.483874,1.655360,0.933294,0.245860,-0.012836,0.527948,0.295866,80.517410,0.000429,2.400422,-0.000034,1.000000,2.415003,-0.000039,1.000000,0.602514,0.600977,0.107400,0.000000,PSF-00508_20230713102653,PFA-00566,PSA-00583,PSF-00508,RHS-0736,2.0.0,2022-04-21T19:36:20.491Z
4,10:29:55,2023-07-13,Auto gsw+F,LI-COR Default,,004,,,0.140734,2.921560,0.134267,2.810847,1.658229,1.579228,3.723385,2.065156,15.583812,16.363390,36.742329,0.441786,PSF-00508_20230713102955,0.000000,0.000000,0.000000,88.458542,250.304550,0.646596,0.5,0.80,441.045715,43.97,41.87,27.89,27.67,101.34,156.7,155.5,0.7,1705,3.974,69,-4,283,,,,,,,,17:32:15,2023-07-13,44.588718,-123.199158,68.500000,18,0.620000,10:23:54,2023-07-13,-0.09,0.002,0.002,0.006,-0.691,-1.239,-18.235,1,150,0.005,2.000000,0,mpf,7000,500,5.000000,2.000000,300,300,300,225.970749,25,-16.643833,224.879272,226.526672,-1.647400,2.468202,2.486943,1.656878,0.933716,0.243072,-0.003134,0.541054,1.575050,88.458542,0.000433,2.400422,-0.000034,1.000000,2.415003,-0.000039,1.000000,0.602514,0.600977,0.107400,0.000000,PSF-00508_20230713102955,PFA-00566,PSA-00583,PSF-00508,RHS-0736,2.0.0,2022-04-21T19:36:20.491Z
5,10:32:44,2023-07-13,Auto gsw+F,LI-COR Default,,005,,,0.121002,2.920642,0.116189,3.010764,1.628457,1.543746,4.179292,2.550836,15.232802,16.068684,41.238876,0.441786,PSF-00508_20230713103244,0.000000,0.000000,0.000000,74.257851,125.232491,0.407040,0.5,0.80,316.621490,42.65,40.43,28.10,29.67,101.34,156.6,155.6,0.6,1945,3.968,44,27,281,,,,,,,,17:35:04,2023-07-13,44.588829,-123.199112,71.199997,19,0.610000,10:23:54,2023-07-13,-0.09,0.003,0.002,-9999.000,8.515,0.169,-9999.000,1,150,0.005,2.000000,0,mpf,7000,500,5.000000,2.000000,300,300,300,115.889671,25,-6.417339,116.414665,116.064484,0.350182,2.466130,2.485022,1.655931,0.933993,0.241057,0.018655,0.553564,1.781091,74.257851,0.000420,2.400422,-0.000034,1.000000,2.415003,-0.000039,1.000000,0.602514,0.600977,0.107400,0.000000,PSF-00508_20230713103244,PFA-00566,PSA-00583,PSF-00508,RHS-0736,2.0.0,2022-04-21T19:36:20.491Z
6,10:36:47,2023-07-13,Auto gsw+F,LI-COR Default,,006,,,0.105487,2.921754,0.101811,2.820179,1.629386,1.550098,4.354093,2.724707,15.293596,16.075872,42.958412,0.441786,PSF-00508_20230713103647,0.000000,0.000000,0.000000,73.891998,100.006493,0.261128,0.5,0.80,194.114761,41.10,39.10,28.75,30.38,101.36,156.7,155.7,0.6,1858,3.962,49,-7,215,,,,,,,,17:39:08,2023-07-13,44.588799,-123.199059,68.500000,17,0.690000,10:36:40,2023-07-13,-0.08,0.002,0.003,-9999.000,0.178,-0.346,-9999.000,1,150,0.005,2.000000,0,mpf,7000,500,5.000000,2.000000,300,300,300,95.243095,25,-3.355597,94.712379,95.212585,-0.500206,2.464110,2.482647,1.657078,0.934193,0.234944,0.019549,0.570625,1.706874,73.891998,0.000409,2.400422,-0.000034,1.000000,2.415003,-0.000039,1.000000,0.602514,0.600977,0.107400,0.000000,PSF-00508_20230713103647,PFA-00566,PSA-00583,PSF-00508,RHS-0736,2.0.0,2022-04-21T19:36:20.491Z
7,10:40:35,2023-07-13,Auto gsw+F,LI-COR Default,,007,,,0.187804,2.920608,0.176457,4.656689,1.674452,1.543486,4.270493,2.596041,15.230019,16.522299,42.138172,0.441786,PSF-00508_20230713104035,0.000000,0.000000,0.000000,89.632629,135.941193,0.340651,0.5,0.80,245.200653,41.42,38.18,29.09,30.04,101.35,156.6,155.6,0.6,1799,3.957,34,-6,210,,,,,,,,17:42:55,2023-07-13,44.588951,-123.198975,71.300003,15,0.760000,10:36:40,2023-07-13,-0.08,0.001,0.002,0.010,-0.169,-0.195,-0.618,1,150,0.005,2.000000,0,mpf,7000,500,5.000000,2.000000,300,300,300,126.533745,25,-6.806103,124.874352,126.217789,-1.343437,2.462744,2.483042,1.655896,0.933883,0.231846,0.011217,0.586176,1.656158,89.632629,0.000419,2.400422,-0.000034,1.000000,2.415003,-0.000039,1.000000,0.602514,0.600977,0.107400,0.000000,PSF-00508_20230713104035,PFA-00566,PSA-00583,PSF-00508,RHS-0736,2.0.0,2022-04-21T19:36:20.491Z
8,10:44:37,2023-07-13,Auto gsw+F,LI-COR Default,,008,,,0.172148,2.920346,0.162565,3.891896,1.680814,1.571350,4.038414,2.357600,15.506183,16.586378,39.851330,0.441786,PSF-00508_20230713104437,0.000000,0.000000,0.000000,76.851013,139.340988,0.448468,0.5,0.80,360.499084,41.00,38.33,29.33,29.07,101.34,156.5,155.6,0.6,2010,3.953,55,14,302,,,,,,,,17:46:56,2023-07-13,44.588776,-123.198875,72.599998,17,0.680000,10:36:40,2023-07-13,-0.08,0.004,0.001,0.011,-11.618,2.562,-11.372,1,150,0.005,2.000000,0,mpf,7000,500,5.000000,2.000000,300,300,300,127.374176,25,-8.328304,126.649261,127.442924,-0.793663,2.462905,2.482387,1.655626,0.933792,0.229629,-0.003723,0.603202,1.836997,76.851013,0.000424,2.400422,-0.000034,1.000000,2.415003,-0.000039,1.000000,0.602514,0.600977,0.107400,0.000000,PSF-00508_20230713104437,PFA-00566,PSA-00583,PSF-00508,RHS-0736,2.0.0,2022-04-21T19:36:20.491Z
9,10:48:22,2023-07-13,Auto gsw+F,LI-COR Default,,009,,,0.065910,2.920674,0.064455,1.804277,1.609387,1.558611,4.362808,2.753421,15.378805,15.879811,43.047794,0.441786,PSF-00508_20230713104822,0.000000,0.000000,0.000000,87.914589,180.041016,0.511697,0.5,0.80,336.412628,38.88,37.65,29.50,30.41,101.35,156.6,155.4,0.7,1644,3.947,56,10,223,,,,,,,,17:50:42,2023-07-13,44.588737,-123.198868,72.099998,17,0.680000,10:48:08,2023-07-13,-0.08,-0.002,-0.001,0.003,10.694,3.580,-3.029,1,150,0.005,2.000000,0,mpf,7000,500,5.000000,2.000000,300,300,300,161.769394,25,-13.403223,156.434296,160.892761,-4.458466,2.461914,2.479293,1.655964,0.933496,0.228122,0.010786,0.618742,1.521993,87.914589,0.000418,2.400422,-0.000034,1.000000,2.415003,-0.000039,1.000000,0.602514,0.600977,0.107400,0.000000,PSF-00508_20230713104822,PFA-00566,PSA-00583,PSF-00508,RHS-0736,2.0.0,2022-04-21T19:36:20.491Z
10,10:51:09,2023-07-13,Auto gsw+F,LI-COR Default,,010,,,0.085734,2.920928,0.083290,2.858624,1.665908,1.585519,5.029541,3.363633,15.643768,16.436935,49.624725,0.441786,PSF-00508_20230713105109,0.000000,0.000000,0.000000,78.350540,133.085419,0.411276,0.5,0.80,135.436752,40.29,38.34,29.48,32.92,101.35,156.6,155.4,0.7,823,3.943,27,-66,237,,,,,,,,17:53:29,2023-07-13,44.588795,-123.198776,74.199997,16,0.750000,10:48:08,2023-07-13,-0.08,0.001,0.002,-9999.000,0.707,1.837,-9999.000,1,150,0.005,2.000000,0,mpf,7000,500,5.000000,2.000000,300,300,300,112.703201,25,-15.213803,106.174706,111.350525,-5.175819,2.462898,2.481324,1.656226,0.933493,0.228285,0.042651,0.629227,0.815957,78.350540,0.000416,2.400422,-0.000034,1.000000,2.415003,-0.000039,1.000000,0.602514,0.600977,0.107400,0.000000,PSF-00508_20230713105109,PFA-00566,PSA-00583,PSF-00508,RHS-0736,2.0.0,2022-04-21T19:36:20.491Z
11,10:53:57,2023-07-13,Auto gsw+F,LI-COR Default,,011,,,0.046818,2.922277,0.046080,1.464829,1.582506,1.541324,4.704294,3.121788,15.208269,15.614613,46.417347,0.441786,PSF-00508_20230713105357,0.000000,0.000000,0.000000,64.699173,86.870567,0.255223,0.5,0.80,178.724213,38.09,37.10,29.56,31.74,101.35,156.8,155.2,1.0,1751,3.938,53,27,257,,,,,,,,17:56:18,2023-07-13,44.588959,-123.198700,65.900002,19,0.620000,10:48:08,2023-07-13,-0.08,-0.000,-0.001,-9999.000,0.055,-0.451,-9999.000,1,150,0.005,2.000000,0,mpf,7000,500,5.000000,2.000000,300,300,300,82.244400,25,-3.199087,81.293465,82.300255,-1.006790,2.461114,2.478140,1.657620,0.932916,0.227551,0.026573,0.639816,1.614129,64.699173,0.000419,2.400422,-0.000034,1.000000,2.415003,-0.000039,1.000000,0.602514,0.600977,0.107400,0.000000,PSF-00508_20230713105357,PFA-00566,PSA-00583,PSF-00508,RHS-0736,2.0.0,2022-04-21T19:36:20.491Z
12,10:58:48,2023-07-13,Auto gsw+F,LI-COR Default,,012,,,0.102535,2.920937,0.099058,2.143528,1.559109,1.498771,3.695255,2.136146,14.788979,15.384364,36.462582,0.441786,PSF-00508_20230713105848,0.000000,0.000000,0.000000,80.598595,229.358093,0.648591,0.5,0.80,481.106445,38.21,36.73,29.25,27.54,101.34,156.6,153.4,2.1,1854,3.934,6,5,316,,,,,,,,18:01:07,2023-07-13,44.588943,-123.198677,67.099998,19,0.580000,10:58:38,2023-07-13,-0.07,-0.000,0.002,-9999.000,0.713,1.657,-9999.000,1,150,0.005,2.000000,0,mpf,7000,500,5.000000,2.000000,300,300,300,220.602386,25,-5.796777,226.460342,221.076645,5.383698,2.460651,2.478375,1.656235,0.928322,0.230386,-0.021236,0.657759,1.703436,80.598595,0.000429,2.400422,-0.000034,1.000000,2.415003,-0.000039,1.000000,0.602514,0.600977,0.107400,0.000000,PSF-00508_20230713105848,PFA-00566,PSA-00583,PSF-00508,RHS-0736,2.0.0,2022-04-21T19:36:20.491Z
13,11:01:34,2023-07-13,Auto gsw+F,LI-COR Default,,013,,,0.140919,2.921237,0.134434,4.059442,1.609686,1.495502,4.576486,2.966799,14.756835,15.883545,45.158379,0.441786,PSF-00508_20230713110134,0.000000,0.000000,0.000000,83.342316,109.660751,0.239999,0.5,0.80,197.597382,39.24,36.46,29.34,31.25,101.34,156.6,155.6,0.6,2058,3.931,41,-20,237,,,,,,,,18:03:52,2023-07-13,44.588795,-123.198647,67.300003,20,0.560000,10:58:38,2023-07-13,-0.07,0.001,0.000,0.001,-0.611,0.069,4.549,1,150,0.005,2.000000,0,mpf,7000,500,5.000000,2.000000,300,300,300,103.928802,25,-4.701668,101.736900,102.943810,-1.206909,2.460240,2.479845,1.656544,0.933952,0.229547,0.023207,0.668612,1.878914,83.342316,0.000411,2.400422,-0.000034,1.000000,2.415003,-0.000039,1.000000,0.602514,0.600977,0.107400,0.000000,PSF-00508_20230713110134,PFA-00566,PSA-00583,PSF-00508,RHS-0736,2.0.0,2022-04-21T19:36:20.491Z
14,11:04:28,2023-07-13,Auto gsw+F,LI-COR Default,,014,,,0.036609,2.919473,0.036155,1.110596,1.521107,1.489796,4.541078,3.019971,14.700056,15.009009,44.807552,0.441786,PSF-00508_20230713110428,0.000000,0.000000,0.000000,139.969818,192.983307,0.274705,0.5,0.80,176.645782,36.85,36.09,29.45,31.12,101.35,156.4,155.4,0.6,1608,3.925,49,4,218,,,,,,,,18:06:48,2023-07-13,44.588989,-123.198639,72.300003,21,0.540000,10:58:38,2023-07-13,-0.07,-0.001,-0.001,-0.001,-1.925,-3.521,-13.105,1,150,0.005,2.000000,0,mpf,7000,500,5.000000,2.000000,300,300,300,186.424606,25,-4.533751,186.315887,186.506256,-0.190369,2.459690,2.476352,1.654728,0.933449,0.228547,0.020126,0.678139,1.490994,139.969818,0.000419,2.400422,-0.000034,1.000000,2.415003,-0.000039,1.000000,0.602514,0.600977,0.107400,0.000000,PSF-00508_20230713110428,PFA-00566,PSA-00583,PSF-00508,RHS-0736,2.0.0,2022-04-21T19:36:20.491Z
15,11:07:41,2023-07-13,Auto gsw+F,LI-COR Default,,015,,,0.099782,2.921845,0.096487,2.478992,1.598903,1.529198,4.129154,2.530251,15.088918,15.776712,40.743237,0.441786,PSF-00508_20230713110741,0.000000,0.000000,0.000000,69.681641,140.709015,0.504782,0.5,0.80,349.922302,38.11,36.45,29.73,29.46,101.35,156.7,155.5,0.8,1733,3.921,26,-9,348,,,,,,,,18:10:00,2023-07-13,44.588745,-123.198540,66.900002,15,0.660000,10:58:38,2023-07-13,-0.07,0.001,0.001,-9999.000,0.167,-0.104,-9999.000,1,150,0.005,2.000000,0,mpf,7000,500,5.000000,2.000000,300,300,300,134.713409,25,-4.007187,136.276596,134.984222,1.292374,2.460154,2.478133,1.657173,0.933603,0.226031,-0.003936,0.690154,1.598957,69.681641,0.000420,2.400422,-0.000034,1.000000,2.415003,-0.000039,1.000000,0.602514,0.600977,0.107400,0.000000,PSF-00508_20230713110741,PFA-00566,PSA-00583,PSF-00508,RHS-0736,2.0.0,2022-04-21T19:36:20.491Z
16,11:11:23,2023-07-13,Auto gsw+F,LI-COR Default,,016,,,0.051493,2.921089,0.050601,1.626541,1.538558,1.492764,4.696377,3.157819,14.728069,15.179895,46.335922,0.441786,PSF-00508_20230713111123,0.000000,0.000000,0.000000,76.434013,100.891800,0.242416,0.5,0.80,194.068481,36.26,35.18,29.93,31.71,101.36,156.6,155.3,0.9,2001,3.914,48,8,285,,,,,,,,18:13:43,2023-07-13,44.588654,-123.198601,66.900002,18,0.590000,11:11:16,2023-07-13,-0.09,0.001,0.002,-9999.000,-0.775,-1.686,-9999.000,1,150,0.005,2.000000,0,mpf,7000,500,5.000000,2.000000,300,300,300,96.095322,25,-3.637587,95.036385,95.695030,-0.658646,2.458297,2.475429,1.656392,0.933077,0.224276,0.021632,0.702678,1.829926,76.434013,0.000411,2.400422,-0.000034,1.000000,2.415003,-0.000039,1.000000,0.602514,0.600977,0.107400,0.000000,PSF-00508_20230713111123,PFA-00566,PSA-00583,PSF-00508,RHS-0736,2.0.0,2022-04-21T19:36:20.491Z
17,11:14:15,2023-07-13,Auto gsw+F,LI-COR Default,,017,,,0.149269,2.920790,0.142012,3.499898,1.657976,1.559542,4.084857,2.426881,15.388521,16.359800,40.306648,0.441786,PSF-00508_20230713111415,0.000000,0.000000,0.000000,80.664040,231.172943,0.651066,0.5,0.80,425.984192,38.56,36.27,30.16,29.27,101.34,156.6,154.9,1.1,1636,3.911,-2,-25,320,,,,,,,,18:16:35,2023-07-13,44.588657,-123.198433,65.699997,18,0.590000,11:11:16,2023-07-13,-0.09,0.001,0.004,-9999.000,0.673,1.872,-9999.000,1,150,0.005,2.000000,0,mpf,7000,500,5.000000,2.000000,300,300,300,214.042068,25,-11.673862,217.428802,214.495316,2.933487,2.459816,2.478721,1.656084,0.932041,0.222244,-0.011529,0.712909,1.515198,80.664040,0.000433,2.400422,-0.000034,1.000000,2.415003,-0.000039,1.000000,0.602514,0.600977,0.107400,0.000000,PSF-00508_20230713111415,PFA-00566,PSA-00583,PSF-00508,RHS-0736,2.0.0,2022-04-21T19:36:20.491Z
18,11:17:20,2023-07-13,Auto gsw+F,LI-COR Default,,018,,,0.026842,2.920118,0.026597,0.652408,1.572342,1.553966,3.990263,2.417921,15.332064,15.513370,39.369568,0.441786,PSF-00508_20230713111720,0.000000,0.000000,0.000000,79.546097,213.788315,0.627921,0.5,0.80,42.371223,36.31,35.88,30.29,28.86,101.35,156.5,155.4,0.7,169,3.906,34,-26,64,,,,,,,,18:19:40,2023-07-13,44.588837,-123.198441,66.800003,18,0.590000,11:11:16,2023-07-13,-0.09,-0.001,-0.000,-9999.000,0.818,1.551,-9999.000,1,150,0.005,2.000000,0,mpf,7000,500,5.000000,2.000000,300,300,300,211.170319,25,-1.567831,212.924835,211.548462,1.376373,2.459240,2.475433,1.655391,0.933319,0.221156,-0.018024,0.722863,0.252590,79.546097,0.000428,2.400422,-0.000034,1.000000,2.415003,-0.000039,1.000000,0.602514,0.600977,0.107400,0.000000,PSF-00508_20230713111720,PFA-00566,PSA-00583,PSF-00508,RHS-0736,2.0.0,2022-04-21T19:36:20.491Z
19,11:21:55,2023-07-13,Auto gsw+F,LI-COR Default,,019,,,0.074807,2.918423,0.072938,2.350165,1.604914,1.538648,4.768194,3.163280,15.180139,15.833918,47.042511,0.441786,PSF-00508_20230713112155,0.000000,0.000000,0.000000,82.829117,123.464798,0.329128,0.5,0.80,245.291794,36.32,34.82,30.64,31.97,101.36,156.3,155.5,0.5,1863,3.900,60,9,263,,,,,,,,18:24:15,2023-07-13,44.588768,-123.198349,67.400002,20,0.550000,11:21:46,2023-07-13,-0.12,0.001,0.002,0.002,-1.015,-3.372,-12.401,1,150,0.005,2.000000,0,mpf,7000,500,5.000000,2.000000,300,300,300,114.131210,25,-6.637274,112.301231,113.982590,-1.681358,2.457655,2.475431,1.653649,0.933737,0.218115,0.016196,0.737959,1.710980,82.829117,0.000423,2.400422,-0.000034,1.000000,2.415003,-0.000039,1.000000,0.602514,0.600977,0.107400,0.000000,PSF-00508_20230713112155,PFA-00566,PSA-00583,PSF-00508,RHS-0736,2.0.0,2022-04-21T19:36:20.491Z
20,11:26:29,2023-07-13,Auto gsw+F,LI-COR Default,,020,,,0.017777,2.921857,0.017669,0.563414,1.517946,1.502090,4.651457,3.133511,14.820086,14.976530,45.892719,0.441786,PSF-00508_20230713112629,0.000000,0.000000,0.000000,82.687141,139.553528,0.407488,0.5,0.80,271.776764,34.41,34.05,30.61,31.54,101.36,156.7,155.3,0.9,1667,3.895,25,-26,307,,,,,,,,18:28:49,2023-07-13,44.588654,-123.198357,67.500000,19,0.570000,11:21:46,2023-07-13,-0.12,0.001,0.001,-9999.000,0.326,4.624,-9999.000,1,150,0.005,2.000000,0,mpf,7000,500,5.000000,2.000000,300,300,300,127.421379,25,-8.665963,125.009537,127.173073,-2.163536,2.456559,2.472653,1.657185,0.933077,0.218386,0.011083,0.751944,1.542459,82.687141,0.000428,2.400422,-0.000034,1.000000,2.415003,-0.000039,1.000000,0.602514,0.600977,0.107400,0.000000,PSF-00508_20230713112629,PFA-00566,PSA-00583,PSF-00508,RHS-0736,2.0.0,2022-04-21T19:36:20.491Z
21,11:28:50,2023-07-13,Auto gsw+F,LI-COR Default,,021,,,0.021105,2.920993,0.020954,0.684885,1.559341,1.540062,4.768682,3.209341,15.195028,15.385252,47.050232,0.441786,PSF-00508_20230713112850,0.000000,0.000000,0.000000,82.795143,112.962234,0.267055,0.5,0.80,175.078278,35.46,35.02,30.55,31.98,101.35,156.6,155.2,0.9,1639,3.892,27,-48,310,,,,,,,,18:31:10,2023-07-13,44.588722,-123.197662,66.199997,19,0.570000,11:21:46,2023-07-13,-0.12,0.000,-0.000,-9999.000,-1.522,-1.290,-9999.000,1,150,0.005,2.000000,0,mpf,7000,500,5.000000,2.000000,300,300,300,106.229424,25,-5.041152,104.321838,105.760292,-1.438454,2.457961,2.474195,1.656293,0.932964,0.218849,0.017285,0.759404,1.518001,82.795143,0.000425,2.400422,-0.000034,1.000000,2.415003,-0.000039,1.000000,0.602514,0.600977,0.107400,0.000000,PSF-00508_20230713112850,PFA-00566,PSA-00583,PSF-00508,RHS-0736,2.0.0,2022-04-21T19:36:20.491Z
22,11:33:12,2023-07-13,Auto gsw+F,LI-COR Default,,022,,,0.134090,2.920663,0.128204,4.481751,1.747410,1.621435,5.170056,3.422646,15.995806,17.238579,51.003719,0.441786,PSF-00508_20230713113312,0.000000,0.000000,0.000000,89.547157,133.198273,0.327715,0.5,0.80,257.101990,39.44,36.60,30.68,33.41,101.37,156.6,155.6,0.6,1961,3.885,45,0,259,,,,,,,,18:35:32,2023-07-13,44.588848,-123.197662,66.599998,18,0.610000,11:32:51,2023-07-13,-0.06,-0.000,0.002,-9999.000,-4.187,-2.968,-9999.000,1,150,0.005,2.000000,0,mpf,7000,500,5.000000,2.000000,300,300,300,117.600204,25,-13.201540,109.817863,114.338158,-4.520294,2.460194,2.479851,1.655953,0.933788,0.217734,0.033940,0.772517,1.795432,89.547157,0.000423,2.400422,-0.000034,1.000000,2.415003,-0.000039,1.000000,0.602514,0.600977,0.107400,0.000000,PSF-00508_20230713113312,PFA-00566,PSA-00583,PSF-00508,RHS-0736,2.0.0,2022-04-21T19:36:20.491Z
23,11:36:43,2023-07-13,Auto gsw+F,LI-COR Default,,023,,,0.185388,2.921061,0.174325,4.537366,1.637387,1.509737,4.200027,2.562640,14.892633,16.151823,41.430698,0.441786,PSF-00508_20230713113643,0.000000,0.000000,0.000000,83.068375,228.895035,0.637090,0.5,0.80,475.281189,36.69,33.83,30.81,29.75,101.37,156.6,151.1,3.5,1865,3.883,41,-9,226,,,,,,,,18:39:03,2023-07-13,44.588940,-123.197609,66.400002,19,0.580000,11:32:51,2023-07-13,-0.06,0.001,0.004,0.012,0.957,0.481,-17.592,1,150,0.005,2.000000,0,mpf,7000,500,5.000000,2.000000,300,300,300,214.649673,25,-9.660687,217.312210,215.093491,2.218719,2.456196,2.475845,1.656363,0.922711,0.216624,-0.013685,0.784367,1.712574,83.068375,0.000426,2.400422,-0.000034,1.000000,2.415003,-0.000039,1.000000,0.602514,0.600977,0.107400,0.000000,PSF-00508_20230713113643,PFA-00566,PSA-00583,PSF-00508,RHS-0736,2.0.0,2022-04-21T19:36:20.491Z
24,11:39:19,2023-07-13,Auto gsw+F,LI-COR Default,,024,,,0.362324,2.919694,0.322325,9.206464,1.782615,1.523711,4.587131,2.804516,15.030736,17.584711,45.250019,0.441786,PSF-00508_20230713113919,0.000000,0.000000,0.000000,96.759079,159.191666,0.392185,0.5,0.80,322.229248,39.33,33.62,31.08,31.29,101.37,156.5,155.0,0.9,2054,3.880,11,-33,293,,,,,,,,18:41:32,2023-07-13,44.588890,-123.197556,65.500000,17,0.650000,11:32:51,2023-07-13,-0.06,0.001,0.003,-9999.000,-0.679,1.089,-9999.000,1,150,0.005,2.000000,0,mpf,7000,500,5.000000,2.000000,300,300,300,141.501541,25,-13.590303,135.711914,139.776154,-4.064240,2.455844,2.479605,1.654955,0.932468,0.214324,0.002046,0.791579,1.875253,96.759079,0.000427,2.400422,-0.000034,1.000000,2.415003,-0.000039,1.000000,0.602514,0.600977,0.107400,0.000000,PSF-00508_20230713113919,PFA-00566,PSA-00583,PSF-00508,RHS-0736,2.0.0,2022-04-21T19:36:20.491Z
25,11:42:11,2023-07-13,Auto gsw+F,LI-COR Default,,025,,,0.129854,2.921013,0.124327,4.358637,1.679131,1.556548,5.114277,3.435145,15.353331,16.562462,50.445736,0.441786,PSF-00508_20230713114211,0.000000,0.000000,0.000000,90.719460,131.582474,0.310551,0.5,0.80,228.535843,37.00,34.30,31.10,33.22,101.38,156.6,155.4,0.8,1840,3.876,32,-25,325,,,,,,,,18:44:31,2023-07-13,44.588783,-123.197426,64.599998,18,0.650000,11:32:51,2023-07-13,-0.06,-0.000,0.000,0.001,-1.456,-3.435,-13.502,1,150,0.005,2.000000,0,mpf,7000,500,5.000000,2.000000,300,300,300,123.508575,25,-6.191929,121.173264,122.736496,-1.563232,2.456828,2.476247,1.656313,0.933385,0.214157,0.026166,0.799465,1.690813,90.719460,0.000411,2.400422,-0.000034,1.000000,2.415003,-0.000039,1.000000,0.602514,0.600977,0.107400,0.000000,PSF-00508_20230713114211,PFA-00566,PSA-00583,PSF-00508,RHS-0736,2.0.0,2022-04-21T19:36:20.491Z
26,11:45:17,2023-07-13,Auto gsw+F,LI-COR Default,,026,,,0.128475,2.919637,0.123060,4.092190,1.699196,1.584008,4.959668,3.260472,15.624733,16.760954,48.922409,0.441786,PSF-00508_20230713114517,0.000000,0.000000,0.000000,200.096008,261.350403,0.234377,0.5,0.80,175.493408,37.28,34.76,31.18,32.67,101.38,156.4,155.2,0.8,1872,3.872,28,0,245,,,,,,,,18:47:38,2023-07-13,44.588974,-123.197418,66.300003,18,0.650000,11:45:00,2023-07-13,-0.10,0.001,0.001,0.002,-0.224,-2.006,-9.094,1,150,0.005,2.000000,0,mpf,7000,500,5.000000,2.000000,300,300,300,257.221710,25,-2.777927,258.567444,257.381775,1.185669,2.457468,2.476700,1.654896,0.932930,0.213519,0.018245,0.807930,1.718487,200.096008,0.000422,2.400422,-0.000034,1.000000,2.415003,-0.000039,1.000000,0.602514,0.600977,0.107400,0.000000,PSF-00508_20230713114517,PFA-00566,PSA-00583,PSF-00508,RHS-0736,2.0.0,2022-04-21T19:36:20.491Z
27,11:47:20,2023-07-13,Auto gsw+F,LI-COR Default,,027,,,0.595559,2.922566,0.494741,12.183386,1.938457,1.597141,4.357377,2.418921,15.754784,19.121643,42.982758,0.441786,PSF-00508_20230713114720,0.000000,0.000000,0.000000,97.820877,155.529282,0.371045,0.5,0.80,308.703674,42.43,34.96,31.22,30.39,101.38,156.8,156.1,0.4,2080,3.867,31,-33,264,,,,,,,,18:49:40,2023-07-13,44.588985,-123.197395,64.900002,18,0.660000,11:45:00,2023-07-13,-0.10,0.002,0.003,-9999.000,-0.585,-0.186,-9999.000,1,150,0.005,2.000000,0,mpf,7000,500,5.000000,2.000000,300,300,300,137.456055,25,-14.151547,130.828506,135.311951,-4.483444,2.457756,2.484071,1.657919,0.935221,0.213173,-0.010875,0.813848,1.897540,97.820877,0.000417,2.400422,-0.000034,1.000000,2.415003,-0.000039,1.000000,0.602514,0.600977,0.107400,0.000000,PSF-00508_20230713114720,PFA-00566,PSA-00583,PSF-00508,RHS-0736,2.0.0,2022-04-21T19:36:20.491Z
28,11:50:46,2023-07-13,Auto gsw+F,LI-COR Default,,028,,,0.226417,2.919933,0.210123,4.545814,1.673008,1.545056,3.806816,2.133808,15.241443,16.503651,37.552933,0.441786,PSF-00508_20230713115046,0.000000,0.000000,0.000000,60.906887,195.941818,0.689158,0.5,0.80,204.669724,36.57,33.78,31.24,28.05,101.37,156.5,154.4,1.3,742,3.864,19,-22,318,,,,,,,,18:53:07,2023-07-13,44.589005,-123.198814,65.300003,18,0.660000,11:45:00,2023-07-13,-0.10,-0.001,0.003,-9999.000,0.403,0.975,-9999.000,1,150,0.005,2.000000,0,mpf,7000,500,5.000000,2.000000,300,300,300,177.362320,25,-12.674063,181.849121,177.835266,4.013855,2.456048,2.475658,1.655201,0.930949,0.212973,-0.039758,0.820873,0.746409,60.906887,0.000435,2.400422,-0.000034,1.000000,2.415003,-0.000039,1.000000,0.602514,0.600977,0.107400,0.000000,PSF-00508_20230713115046,PFA-00566,PSA-00583,PSF-00508,RHS-0736,2.0.0,2022-04-21T19:36:20.491Z