Obs#,Time,Observation,ID,,,time(hour),leaf,gsw,E_apparent,VPDleaf,Fs,Fm',PhiPS2,ETR,Tleaf,Qamb
1,10:59:18,1,717 Control 3,,,10,16,0.517351,5.776072,1.296363,128.585815,245.907471,0.477097,260.663696,23.38,1366
2,11:01:29,2,Ptmyb_Control_2,,,10,15,0.535422,6.616686,1.440889,95.431923,215.142349,0.556424,309.934967,24.55,1393
3,11:02:51,3,Ptmyb_122_1,,,10,16,0.186591,2.800301,1.572611,81.509109,258.148804,0.684255,426.694489,24.88,1559
4,11:03:50,4,Ptmyb_124_4,,,10,15,0.261389,4.838596,1.980802,94.774246,229.344437,0.58676,403.245728,27.37,1718
5,11:04:48,5,Vvmyb_59-3,,,10,17,0.274839,5.707816,2.228988,48.507214,97.416016,0.502061,363.529816,28.52,1810
6,11:05:27,6,Ptmyb_92-2_3,,,10,15,0.454526,7.143479,1.784355,116.941093,240.147522,0.513045,353.509766,26.88,1723
7,11:07:37,7,Vvmyb_68-1,,,10,13,0.463556,7.175294,1.762259,87.398529,160.239685,0.454576,299.159851,26.85,1645
8,11:08:32,8,717 control   ,,,10,16,0.244737,4.015765,1.74765,66.436172,87.886818,0.244071,142.800568,26.59,1463
9,11:10:52,9,Ptmyb_131-1_1,,,10,17,0.249246,5.088354,2.172168,97.926735,201.40416,0.51378,353.555847,28.65,1720
10,11:11:52,10,Ptmyb_Control_5,,,10,19,0.325362,5.379608,1.803584,197.800034,328.618103,0.398085,232.6586,27.36,1461
11,11:12:52,11,Ptmyb_125-1_3,,,10,15,0.318743,6.381232,2.175533,88.678482,181.502197,0.511419,374.96347,28.96,1833
12,11:14:07,12,Ptmyb_125-1_1,,,10,16,0.418979,7.283325,1.948135,128.327606,297.725555,0.568973,412.483063,28.3,1812
13,11:16:11,13,Ptmyb_122_5,,,10,16,0.389261,6.420972,1.834354,114.661934,324.050415,0.64616,362.429626,27.41,1402
14,11:17:13,14,Vvmyb 84-1_4,,,10,7,0.153603,3.693579,2.475463,14.602304,32.53381,0.551165,391.894867,30.28,1778
15,11:18:27,15,717_CONTROL_2,,,10,16,0.470973,5.994608,1.453873,100.643631,363.20816,0.722904,456.244141,25.35,1578
16,11:20:44,16,Vvmyb 7-1,,,10,10,0.225193,3.907277,1.834529,57.870983,163.699677,0.646481,336.162292,27.33,1300
17,11:23:08,17,Ptmyb_131-1_2,,,10,16,0.198813,4.155036,2.188139,160.934326,274.977936,0.414737,273.836884,28.68,1651
18,11:24:59,18,Ptmyb_30_4,,,10,16,0.185249,4.083683,2.297112,135.741943,243.53476,0.442618,302.155457,29.1,1707
19,11:25:54,19,VVmybA1_84-1_1,,,10,9,0.103198,2.588605,2.541914,22.158981,41.187702,0.462,295.604279,30.15,1600
20,11:26:41,20,Vvmyb 57-1,,,10,15,0.405194,7.184237,1.978686,61.999798,152.42421,0.593242,408.612915,28.46,1722
21,11:27:28,21,Ptmyb_124_2,,,10,15,0.719051,10.315672,1.7536,105.478409,271.276855,0.611178,381.658722,27.63,1561
22,11:28:44,22,VVmybA1_60_3,,,10,16,0.233378,4.916982,2.228095,117.948532,251.998703,0.531948,360.823547,29.27,1696
23,11:30:00,23,Ptmyb_30_3,,,10,17,0.317729,5.718518,1.957474,160.893204,276.974976,0.419106,293.722504,28.02,1752
24,11:30:43,24,VVmybA1_83-2_4,,,10,10,0.101161,2.893045,2.891397,32.540558,51.468117,0.367753,266.161835,31.48,1809
25,11:32:17,25,Ptmyb_125-1_4,,,10,14,0.350585,7.169521,2.242955,103.780029,251.162888,0.586802,427.357666,29.37,1821
26,11:32:59,26,VVmybA1_83-2_5,,,10,7,0.146081,3.59977,2.530935,54.20351,105.39315,0.485702,344.906616,30.4,1775
27,11:34:43,27,717_Control_1,,,10,16,0.258678,5.116436,2.109709,135.680084,289.860229,0.531912,342.295013,28.76,1609
28,11:35:51,28,717 control-8,,,10,17,0.503568,9.057298,2.065839,138.574356,268.607758,0.484101,363.128601,28.82,1875
29,11:36:48,29,VVmybA1_59_5,,,10,15,0.284455,6.386818,2.410804,103.798988,220.293625,0.528815,368.618073,30.01,1743
30,11:38:06,30,Ptmyb_92-2_4,,,10,17,0.226387,4.94628,2.305623,126.277328,349.008636,0.638183,354.799988,29.37,1390
31,11:39:09,31,VVmybA1_83-2_3,,,10,11,0.20008,4.504877,2.353952,108.866928,190.427505,0.428302,270.246735,29.95,1577
32,11:39:53,32,VVmybA1_59_1,,,10,16,0.226739,4.90144,2.280806,94.383003,198.00621,0.523333,314.157959,29.44,1501
33,12:06:45,33,717 Control 3,,,12,16,0.459001,8.033765,1.981434,105.455162,161.42215,0.346712,263.471191,29.06,1900
34,12:07:41,34,717 Control 3,,,12,19,0.448049,7.919565,1.995679,163.669113,229.848541,0.287926,212.459427,28.84,1845
,,,717 Control 3,,,12,,0.453525,7.976665,1.9885565,134.5621375,195.6353455,0.317319,237.965309,28.95,1872.5
35,12:09:00,35,Ptmyb_Control_2,,,12,15,0.533743,8.859557,1.922274,220.437531,313.084137,0.295916,187.845932,28.62,1587
36,12:09:32,36,Ptmyb_Control_2,,,12,18,0.302009,6.185888,2.211095,129.813202,184.209457,0.295296,187.240631,29.58,1585
,,,,,,12,,0.417876,7.5227225,2.0666845,175.1253665,248.646797,0.295606,187.5432815,29.1,1586
37,12:10:46,37,Ptmyb_122_1,,,12,16,0.173014,4.052265,2.427035,117.521523,190.736328,0.383853,277.693298,30.04,1809
38,12:11:04,38,Ptmyb_122_1,,,12,18,0.21042,4.668837,2.327375,109.727386,191.417343,0.426764,313.845947,29.76,1839
,,,,,,12,,0.191717,4.360551,2.377205,113.6244545,191.0768355,0.4053085,295.7696225,29.9,1824
39,12:11:45,39,Ptmyb_124_4,,,12,15,0.259037,6.150431,2.524247,95.375061,216.835022,0.560149,398.172302,31,1777
40,12:12:12,40,Ptmyb_124_4,,,12,18,0.179993,4.212065,2.427979,148.368713,206.89064,0.282864,198.87674,30.49,1758
,,,,,,12,,0.219515,5.181248,2.476113,121.871887,211.862831,0.4215065,298.524521,30.745,1767.5
41,12:13:06,41,Vvmyb_59-3,,,12,17,0.297465,6.916,2.500751,48.27404,101.519402,0.524485,388.928375,31.05,1854
42,12:13:39,42,Vvmyb_59-3,,,12,19,0.151646,3.33441,2.264333,44.607998,61.206013,0.271183,193.462509,29.47,1784
,,,,,,12,,0.2245555,5.125205,2.382542,46.441019,81.3627075,0.397834,291.195442,30.26,1819
43,12:14:17,43,Ptmyb_92-2_3,,,12,15,0.473699,9.576396,2.295229,99.87867,203.871597,0.51009,374.983002,30.37,1838
44,12:14:51,44,Ptmyb_92-2_3,,,12,18,0.421237,8.729006,2.317701,100.547791,179.625015,0.440235,327.612854,30.19,1860
,,,,,,12,,0.447468,9.152701,2.306465,100.2132305,191.748306,0.4751625,351.297928,30.28,1849
45,12:15:35,45,Vvmyb_68-1,,,12,13,0.417861,7.99733,2.141201,71.431877,129.925552,0.450209,302.458557,29.3,1680
46,12:16:05,46,Vvmyb_68-1,,,12,10,0.133063,3.815087,2.921555,54.768562,84.284439,0.350194,252.388641,32.41,1802
,,,,,,,,0.275462,5.9062085,2.531378,63.1002195,107.1049955,0.4002015,277.423599,30.855,1741
47,12:17:01,47,717 control   ,,,12,16,0.212354,4.472557,2.211515,62.841652,81.235298,0.226424,144.129028,29.34,1591
48,12:18:04,48,717 control   ,,,12,18,0.26914,5.292699,2.104026,79.388741,102.454582,0.225132,141.495514,28.81,1571
,,,,,,,,0.240747,4.882628,2.1577705,71.1151965,91.84494,0.225778,142.812271,29.075,1581
49,12:19:46,49,Ptmyb_131-1_1,,,12,17,0.203147,5.331695,2.738244,89.557526,150.806076,0.406141,305.218262,31.69,1879
50,12:20:16,50,Ptmyb_131-1_1,,,12,20,0.168501,4.669776,2.856896,82.982895,142.038467,0.415772,305.998505,32.21,1840
,,,,,,,,0.185824,5.0007355,2.79757,86.2702105,146.4222715,0.4109565,305.6083835,31.95,1859.5
51,12:21:40,51,Ptmyb_Control_5,,,12,19,0.431897,8.409528,2.186737,113.51609,216.491653,0.475656,325.128235,29.51,1709
52,12:22:20,52,Ptmyb_Control_5,,,12,22,0.451684,8.685379,2.169885,122.80619,221.708176,0.446091,315.462219,29.95,1768
,,,,,,,,0.4417905,8.5474535,2.178311,118.16114,219.0999145,0.4608735,320.295227,29.73,1738.5
53,12:23:15,53,Ptmyb_125-1_3,,,12,15,0.294097,7.067995,2.582798,73.83728,151.21312,0.511701,375.527466,31.14,1835
54,12:23:37,54,Ptmyb_125-1_3,,,12,12,0.12544,3.234136,2.626573,75.979111,107.002594,0.289932,214.04306,31.03,1846
,,,,,,,,0.2097685,5.1510655,2.6046855,74.9081955,129.107857,0.4008165,294.785263,31.085,1840.5
55,12:24:49,55,Ptmyb_125-1_1,,,12,16,0.465664,8.984295,2.186682,135.00238,301.487274,0.552212,386.597534,29.87,1750
56,12:25:34,56,Ptmyb_125-1_1,,,12,17,0.33786,6.867836,2.216903,212.606903,294.551117,0.2782,199.105896,29.91,1789
,,,,,,,,0.401762,7.9260655,2.2017925,173.8046415,298.0191955,0.415206,292.851715,29.89,1769.5
57,12:27:26,57,Ptmyb_122_5,,,12,16,0.331431,6.604279,2.171332,99.434135,294.086639,0.661888,343.342468,29.33,1297
58,12:28:08,58,Ptmyb_122_5,,,12,18,0.539268,9.596564,2.062087,120.885727,285.647888,0.576802,410.712463,29.31,1780
,,,,,,,,0.4353495,8.1004215,2.1167095,110.159931,289.8672635,0.619345,377.0274655,29.32,1538.5
59,12:29:10,59,Vvmyb 84-1_4,,,12,7,0.137144,3.658547,2.728631,17.331362,42.324253,0.59051,385.270691,31.17,1631
60,12:29:45,60,Vvmyb 84-1_4,,,12,5,0.197472,4.399151,2.327927,78.016518,144.017151,0.458283,305.549774,29.62,1667
,,,,,,,,0.167308,4.028849,2.528279,47.67394,93.170702,0.5243965,345.4102325,30.395,1649
61,12:31:02,61,717_CONTROL_2,,,12,16,0.516757,9.41177,2.097115,132.931351,295.340942,0.549905,384.24469,29.3,1747
62,12:31:46,62,717_CONTROL_2,,,12,18,0.376193,7.806324,2.288855,107.91671,222.691116,0.515397,367.255188,30.13,1781
,,,,,,,,0.446475,8.609047,2.192985,120.4240305,259.016029,0.532651,375.749939,29.715,1764
64,12:33:36,64,Vvmyb 7-1,,,12,10,0.209845,5.031603,2.509792,116.639969,176.170395,0.337914,217.587204,30.88,1610
65,12:34:15,65,Vvmyb 7-1,,,12,13,0.28503,6.728494,2.529778,81.804512,163.768463,0.500487,337.579529,31.04,1686
,,,,,,,,0.2474375,5.8800485,2.519785,99.2222405,169.969429,0.4192005,277.5833665,30.96,1648
66,12:36:26,66,Ptmyb_131-1_2,,,12,16,0.220281,4.518104,2.159998,131.934998,289.075867,0.543597,265.092102,29.05,1219
67,12:37:17,67,Ptmyb_131-1_2,,,12,20,0.472787,8.536139,2.053516,179.102905,342.979309,0.477803,238.697433,29,1249
,,,,,,,,0.346534,6.5271215,2.106757,155.5189515,316.027588,0.5107,251.8947675,29.025,1234
68,12:38:40,68,Ptmyb_30_4,,,12,16,0.208914,4.978389,2.494706,122.492554,231.039734,0.46982,348.478668,30.6,1854
69,12:39:21,69,Ptmyb_30_4,,,12,19,0.429344,8.138482,2.127023,184.538132,329.037079,0.439157,318.094879,29.36,1811
,,,,,,,,0.319129,6.5584355,2.3108645,153.515343,280.0384065,0.4544885,333.2867735,29.98,1832.5
70,12:40:15,70,VVmybA1_84-1_1,,,12,9,0.056435,1.647081,2.900804,19.737125,39.711731,0.50299,321.085938,32.17,1596
71,12:40:36,71,VVmybA1_84-1_1,,,12,7,0.023622,0.874556,3.62807,13.482213,20.061018,0.32794,216.918137,34.46,1654
,,,,,,,,0.0400285,1.2608185,3.264437,16.609669,29.8863745,0.415465,269.0020375,33.315,1625
72,12:41:58,72,Vvmyb 57-1,,,12,15,0.495634,9.888196,2.280773,57.032703,129.274124,0.558824,400.764709,30.11,1793
74,12:42:55,74,Vvmyb 57-1,,,12,18,0.113016,3.530842,3.160471,23.048042,42.654247,0.459654,294.53363,33.06,1602
,,,,,,,,0.304325,6.709519,2.720622,40.0403725,85.9641855,0.509239,347.6491695,31.585,1697.5
75,12:43:53,75,Ptmyb_124_2,,,12,15,0.701751,12.677902,2.189746,112.381699,268.992798,0.582213,420.118591,30.06,1804
76,12:44:26,76,Ptmyb_124_2,,,12,18,0.400852,8.897559,2.463065,109.091881,253.818695,0.570198,402.87677,31.16,1766
,,,,,,,,0.5513015,10.7877305,2.3264055,110.73679,261.4057465,0.5762055,411.4976805,30.61,1785
77,12:45:58,77,VVmybA1_60_3,,,12,16,0.352304,8.651637,2.683456,103.699203,229.18988,0.54754,410.779297,31.79,1876
78,12:46:36,78,VVmybA1_60_3,,,12,18,0.326787,7.813554,2.595488,105.211975,212.776031,0.505527,386.008606,31.16,1909
,,,,,,,,0.3395455,8.2325955,2.639472,104.455589,220.9829555,0.5265335,398.3939515,31.475,1892.5
79,12:48:11,79,Ptmyb_30_3,,,12,17,0.344933,7.509425,2.379387,140.878204,269.180603,0.476641,349.747986,30.23,1834
80,12:48:42,80,Ptmyb_30_3,,,12,19,0.391601,8.058853,2.282401,126.107811,282.39267,0.553431,389.311218,29.9,1759
,,,,,,,,,,,,,,,,
81,12:49:22,81,VVmybA1_83-2_4,,,12,10,0.106299,3.614296,3.429417,34.635902,56.123363,0.382861,282.819214,33.78,1847
82,12:50:01,82,VVmybA1_83-2_4,,,12,14,0.106204,3.420931,3.252814,27.53377,51.605644,0.466458,342.483215,33.08,1836
,,,,,,,,,,,,,,,,
83,12:51:05,83,Ptmyb_125-1_4,,,12,15,0.377193,8.645026,2.526577,104.436279,266.105042,0.607537,450.312347,31.02,1853
84,12:51:37,84,Ptmyb_125-1_4,,,12,18,0.22414,5.574713,2.616455,182.156326,325.677612,0.440685,329.345581,30.91,1868
,,,,,,,,,,,,,,,,
85,12:52:15,85,VVmybA1_83-2_5,,,12,7,0.21217,5.248358,2.591054,123.078705,174.263443,0.29372,207.274979,31.12,1764
86,12:52:40,86,VVmybA1_83-2_5,,,12,9,0.094971,2.638516,2.800977,51.733017,72.889442,0.290254,198.832748,31.51,1713
,,,,,,,,,,,,,,,,
87,12:54:26,87,717_Control_1,,,12,16,0.173578,5.063291,3.013654,109.565018,210.632599,0.479829,70.802628,32.31,369
88,12:55:21,88,717_Control_1,,,12,19,0.262706,6.947976,2.812521,208.157303,310.320862,0.329219,221.424286,31.73,1681
,,,,,,,,,,,,,,,,
89,12:56:31,89,717 control-8,,,12,17,0.628607,12.134008,2.290384,123.910187,262.448578,0.527869,408.295441,30.55,1934
90,12:56:54,90,717 control-8,,,12,19,0.429082,9.223285,2.407353,146.414276,283.241333,0.483076,359.44635,30.74,1860
,,,,,,,,,,,,,,,,
91,12:57:41,91,VVmybA1_59_5,,,12,15,0.27154,7.527903,2.953452,91.397163,187.194336,0.511753,359.638855,32.42,1757
92,12:58:11,92,VVmybA1_59_5,,,12,18,0.309596,6.431379,2.247198,72.433235,213.621399,0.660927,446.226501,29.74,1688
,,,,,,,,,,,,,,,,
93,12:59:25,93,Ptmyb_92-2_4,,,12,17,0.134603,4.172194,3.158922,134.028915,251.268204,0.46659,361.467163,32.91,1937
94,13:00:00,94,Ptmyb_92-2_4,,,12,21,0.170779,4.909917,2.968952,108.655212,222.293457,0.511208,393.124969,32.06,1923
,,,,,,,,,,,,,,,,
95,13:01:07,95,VVmybA1_83-2_3,,,12,8,0.239911,6.346521,2.792056,63.202141,160.267227,0.605645,423.774231,31.91,1749
96,13:01:24,96,VVmybA1_83-2_3,,,12,10,0.233315,6.250123,2.819622,79.18811,175.169449,0.547934,394.178772,32.18,1798
,,,,,,,,,,,,,,,,
97,13:02:03,97,VVmybA1_59_1,,,12,16,0.216338,5.806592,2.814223,80.659035,151.170639,0.466437,334.550049,31.6,1793
98,13:02:32,98,VVmybA1_59_1,,,12,19,0.115445,3.690903,3.238274,35.254955,52.807575,0.332388,235.003143,33.02,1768
,,,,,,,,,,,,,,,,
99,14:03:36,99,717 Control 3,,,14,16,0.553207,12.661709,2.656319,88.579056,167.402557,0.470862,301.083923,31.37,1599
100,14:04:02,100,717 Control 3,,,14,19,0.490004,12.39542,2.879366,90.431931,151.244598,0.402082,274.273804,32.18,1705
,,,,,,,,,,,,,,,,
101,14:05:14,101,Ptmyb_Control_2,,,14,15,0.557327,13.027064,2.713773,128.419525,215.107727,0.402999,260.063599,31.77,1613
102,14:05:39,102,Ptmyb_Control_2,,,14,18,0.442751,10.250757,2.602367,199.595337,279.915039,0.286943,168.993713,31.14,1472
,,,,,,,,,,,,,,,,
103,14:06:57,103,Ptmyb_122_1,,,14,16,0.230337,7.485379,3.412641,106.660011,217.882889,0.510471,375.794159,33.53,1840
104,14:07:08,104,Ptmyb_122_1,,,14,18,0.251346,8.074082,3.393867,129.91011,255.531876,0.491609,347.531311,33.71,1767
,,,,,,,,,,,,,,,,
105,14:07:55,105,Ptmyb_124_4,,,14,15,0.24484,7.576852,3.266245,95.965508,244.449112,0.607421,413.089691,33.18,1700
106,14:08:05,106,Ptmyb_124_4,,,14,18,0.236518,7.298558,3.249732,105.111122,210.959015,0.501746,81.450592,33.02,406
,,,,,,,,,,,,,,,,
107,14:09:01,107,Vvmyb_59-3,,,14,17,0.286909,8.159638,3.045305,85.505608,128.291397,0.333505,239.220749,32.36,1793
108,14:09:14,108,Vvmyb_59-3,,,14,19,0.163761,4.286067,2.701706,18.084526,64.925583,0.721458,68.138046,30.77,236
,,,,,,,,,,,,,,,,
109,14:10:10,109,Ptmyb_92-2_3,,,14,15,0.439465,11.638913,2.967748,116.578461,275.746796,0.577226,409.562286,32.61,1774
110,14:10:21,110,Ptmyb_92-2_3,,,14,18,0.377301,9.386539,2.740712,181.043381,352.429779,0.486299,337.91748,31.6,1737
,,,,,,,,,,,,,,,,
111,14:10:59,111,Vvmyb_68-1,,,14,13,0.472757,12.099202,2.897751,64.793228,136.94342,0.526861,340.955566,32.3,1618
112,14:11:07,112,Vvmyb_68-1,,,14,10,0.15323,5.574208,3.721327,46.857475,77.654587,0.396591,266.029816,34.57,1677
,,,,,,,,,,,,,,,,
113,14:11:47,113,717 control   ,,,14,16,0.201969,6.37675,3.288924,68.175674,85.479057,0.202428,153.397476,33.03,1894
114,14:11:57,114,717 control   ,,,14,18,0.234854,7.653944,3.426636,61.451912,79.134972,0.223454,167.490479,33.67,1874
,,,,,,,,,,,,,,,,
115,14:13:29,115,Ptmyb_131-1_1,,,14,17,0.182249,5.937608,3.372222,108.739975,177.262787,0.386561,285.862061,33.18,1849
116,14:13:40,116,Ptmyb_131-1_1,,,14,20,0.154303,5.387306,3.578241,173.848267,238.062759,0.269738,197.77269,33.82,1833
,,,,,,,,,,,,,,,,
117,14:15:10,117,Ptmyb_Control_5,,,14,19,0.450482,11.056905,2.764124,91.969368,242.351364,0.620512,431.260162,31.63,1738
118,14:15:22,118,Ptmyb_Control_5,,,14,22,0.515827,11.954048,2.661795,174.287796,292.826691,0.404809,281.411163,31.25,1738
,,,,,,,,,,,,,,,,
119,14:16:01,119,Ptmyb_125-1_3,,,14,15,0.207531,7.556574,3.788816,71.197273,174.226852,0.591353,399.476898,34.81,1689
120,14:16:10,120,Ptmyb_125-1_3,,,14,12,0.084694,3.601022,4.244328,36.319969,66.061401,0.450209,324.921814,35.95,1804
,,,,,,,,,,,,,,,,
121,14:17:11,121,Ptmyb_125-1_1,,,14,16,0.361998,9.878798,2.989128,137.628082,317.772003,0.566897,396.756073,32.42,1750
122,14:17:26,122,Ptmyb_125-1_1,,,14,17,0.383114,10.970461,3.153771,162.138824,275.111725,0.410644,309.588074,33.03,1885
,,,,,,,,,,,,,,,,
123,14:18:29,123,Ptmyb_122_5,,,14,16,0.294571,9.841381,3.5745,98.435638,236.473923,0.583736,455.609772,34.29,1951
124,14:18:42,124,Ptmyb_122_5,,,14,18,0.471815,12.424079,2.978536,115.920425,274.878265,0.578285,434.456482,32.65,1878
,,,,,,,,,,,,,,,,
125,14:19:50,125,Vvmyb 84-1_4,,,14,7,0.086788,2.950759,3.410709,9.207487,21.788486,0.577415,378.476257,33.28,1639
126,14:19:59,126,Vvmyb 84-1_4,,,14,5,0.196141,6.00797,3.183989,58.291553,136.305939,0.572348,390.447205,32.96,1705
,,,,,,,,,,,,,,,,
127,14:21:34,127,717_CONTROL_2,,,14,16,0.584488,14.708028,2.940212,129.148727,257.701141,0.498843,378.04834,32.7,1895
129,14:23:22,129,717_CONTROL_2,,,14,18,0.602958,14.105274,2.753042,105.746269,232.092148,0.544378,399.99469,31.66,1837
,,,,,,,,,,,,,,,,
130,14:24:09,130,Vvmyb 7-1,,,14,10,0.28194,8.626097,3.266321,54.894089,149.666183,0.633223,400.267517,33.28,1580
131,14:24:19,131,Vvmyb 7-1,,,14,13,0.257286,7.81725,3.220278,112.686394,174.905273,0.355729,231.796951,33.01,1629
,,,,,,,,,,,,,,,,
132,14:26:21,132,Ptmyb_131-1_2,,,14,16,0.191416,6.828677,3.69894,126.244064,220.784882,0.428203,300.035034,34.08,1752
133,14:26:35,133,Ptmyb_131-1_2,,,14,20,0.458143,12.36145,3.043215,120.931152,214.95401,0.437409,335.802246,32.32,1919
,,,,,,,,,,,,,,,,
134,14:28:11,134,Ptmyb_30_4,,,14,16,0.230188,7.651105,3.492231,109.462738,223.107422,0.509372,369.141113,33.44,1812
135,14:28:26,135,Ptmyb_30_4,,,14,19,0.287167,9.083822,3.382993,172.253967,283.559296,0.392529,299.446106,33.3,1907
,,,,,,,,,,,,,,,,
136,14:29:32,136,VVmybA1_84-1_1,,,14,9,0.039224,1.702485,4.272108,8.876681,13.915426,0.362098,242.625534,35.67,1675
137,14:29:42,137,VVmybA1_84-1_1,,,14,7,0.015907,0.699084,4.29142,14.954209,23.378716,0.360349,148.457474,35.71,1030
,,,,,,,,,,,,,,,,
138,14:31:18,138,Vvmyb 57-1,,,14,15,0.301426,9.522364,3.393381,58.862328,121.902252,0.517135,389.275787,33.38,1882
139,14:31:26,139,Vvmyb 57-1,,,14,18,0.114321,3.384194,3.007594,23.281933,74.379143,0.686983,76.219498,31.19,277
,,,,,,,,,,,,,,,,
140,14:32:06,140,Ptmyb_124_2,,,14,15,0.591062,14.011594,2.776941,110.949394,275.08493,0.596672,421.024109,32.14,1764
141,14:32:18,141,Ptmyb_124_2,,,14,18,0.320255,9.790496,3.299918,102.381348,252.008652,0.593739,414.479095,33.57,1745
,,,,,,,,,,,,,,,,
142,14:33:17,142,VVmybA1_60_3,,,14,16,0.288184,9.143269,3.393774,117.101311,245.180679,0.522388,389.19632,33.38,1863
143,14:33:29,143,VVmybA1_60_3,,,14,18,0.308125,9.232561,3.228538,109.209534,234.463531,0.534215,393.571442,32.72,1842
,,,,,,,,,,,,,,,,
144,14:34:48,144,Ptmyb_30_3,,,14,17,0.452936,12.365064,3.073802,119.943382,250.925308,0.521996,405.16568,32.45,1940
145,14:34:59,145,Ptmyb_30_3,,,14,19,0.383931,10.661939,3.064379,128.534668,252.080795,0.490105,379.416046,32.25,1935
,,,,,,,,,,,,,,,,
146,14:35:47,146,VVmybA1_83-2_4,,,14,10,0.093934,3.56813,3.814961,53.33984,88.017609,0.393987,273.708099,34.35,1737
147,14:35:58,147,VVmybA1_83-2_4,,,14,14,0.096334,3.655363,3.814576,34.309029,64.549103,0.468482,335.672791,34.29,1791
,,,,,,,,,,,,,,,,
148,14:37:19,148,Ptmyb_125-1_4,,,14,15,0.292155,9.591609,3.513916,99.680901,258.029907,0.613685,446.86142,33.81,1820
149,14:37:32,149,Ptmyb_125-1_4,,,14,18,0.219648,7.430875,3.541825,109.146591,219.196838,0.502061,386.199219,33.65,1923
,,,,,,,,,,,,,,,,
150,14:38:33,150,VVmybA1_83-2_5,,,14,7,0.189502,6.838767,3.738613,132.03299,177.242447,0.255071,182.931747,34.29,1793
151,14:38:45,151,VVmybA1_83-2_5,,,14,9,0.069521,2.681828,3.843798,41.399719,62.128304,0.333642,235.614548,34.33,1765
,,,,,,,,,,,,,,,,
152,14:40:23,152,717_Control_1,,,14,16,0.273193,9.054255,3.528394,116.221191,193.870056,0.40052,318.166656,33.67,1986
153,14:40:40,153,717_Control_1,,,14,19,0.108403,4.107479,3.82563,143.428085,201.421463,0.287921,225.106842,34.16,1955
,,,,,,,,,,,,,,,,
154,14:42:01,154,717 control-8,,,14,17,0.545826,14.41626,3.052735,128.315094,260.411285,0.50726,396.198639,32.74,1953
155,14:42:13,155,717 control-8,,,14,19,0.550667,13.927526,2.928448,153.998138,277.215942,0.444483,337.896118,32.43,1901
,,,,,,,,,,,,,,,,
156,14:43:14,156,VVmybA1_59_5,,,14,15,0.238514,7.831223,3.457288,89.460251,177.747604,0.496701,363.777191,33.56,1831
157,14:43:26,157,VVmybA1_59_5,,,14,18,0.27091,8.452151,3.322138,95.784904,189.647064,0.494931,354.38736,33.01,1790
,,,,,,,,,,,,,,,,
158,14:45:14,158,Ptmyb_92-2_4,,,14,17,0.307086,9.384311,3.290028,118.228195,249.223526,0.525614,406.499268,32.96,1933
159,14:45:26,159,Ptmyb_92-2_4,,,14,21,0.138543,5.224214,3.841403,95.12365,177.457947,0.463965,357.40094,34.45,1926
,,,,,,,,,,,,,,,,
160,14:46:14,160,VVmybA1_83-2_3,,,14,8,0.283819,8.289922,3.123536,64.376595,177.170212,0.63664,448.143494,32.59,1760
161,14:46:25,161,VVmybA1_83-2_3,,,14,10,0.242428,7.664346,3.332704,83.47821,182.734131,0.543171,391.219147,33.42,1801
,,,,,,,,,,,,,,,,
162,14:47:14,162,VVmybA1_59_1,,,14,16,0.205501,7.386721,3.739855,91.288445,165.914749,0.449787,353.263275,34.51,1964
163,14:47:35,163,VVmybA1_59_1,,,14,19,0.099232,4.098917,4.146963,39.310097,58.986065,0.33357,242.429657,35.52,1817
,,,,,,,,,,,,,,,,
164,16:03:58,164,717 Control 3,,,16,16,0.504848,14.4262,3.255075,86.759445,276.057068,0.685719,447.990631,33.83,1633
165,16:04:13,165,717 Control 3,,,16,19,0.411287,14.06327,3.781376,118.464233,197.548386,0.400328,286.408142,35.3,1789
,,,,,,,,,,,,,,,,
166,16:05:07,166,Ptmyb_Control_2,,,16,15,0.433597,14.590804,3.7477,78.889847,187.559082,0.579387,357.335175,35.2,1542
167,16:05:22,167,Ptmyb_Control_2,,,16,18,0.356367,12.648919,3.861532,91.386436,169.418137,0.460586,262.489563,35.42,1425
,,,,,,,,,,,,,,,,
168,16:06:27,168,Ptmyb_122_1,,,16,16,0.169292,6.80425,4.124683,110.314606,251.959244,0.562173,376.016998,35.64,1672
169,16:06:46,169,Ptmyb_122_1,,,16,18,0.111282,5.11826,4.622599,70.816757,133.528976,0.469653,299.197083,36.93,1593
,,,,,,,,,,,,,,,,
170,16:07:56,170,Ptmyb_124_4,,,16,15,0.194449,8.368497,4.441556,207.497482,275.970367,0.248117,172.226471,36.87,1735
171,16:08:06,171,Ptmyb_124_4,,,16,18,0.186879,7.878818,4.344329,63.502907,147.157913,0.568471,383.775726,36.48,1688
,,,,,,,,,,,,,,,,
172,16:09:04,172,Vvmyb_59-3,,,16,17,0.235974,7.968631,3.549374,57.374954,168.601151,0.6597,426.378174,33.91,1616
173,16:09:24,173,Vvmyb_59-3,,,16,19,0.166034,7.097429,4.37555,17.090679,34.522461,0.50494,338.981781,36.48,1678
,,,,,,,,,,,,,,,,
174,16:10:15,174,Ptmyb_92-2_3,,,16,15,0.398431,12.421014,3.441989,162.898422,284.145905,0.426709,294.544678,34.07,1726
175,16:10:27,175,Ptmyb_92-2_3,,,16,18,0.292422,10.051793,3.672111,230.236176,338.311401,0.319455,200.265457,34.61,1567
,,,,,,,,,,,,,,,,
176,16:11:15,176,Vvmyb_68-1,,,16,13,0.388639,11.67305,3.309039,79.349754,173.115204,0.541636,335.891785,33.64,1550
177,16:11:28,177,Vvmyb_68-1,,,16,10,0.132017,5.312843,4.080016,53.705334,90.511665,0.406647,255.754593,35.61,1572
,,,,,,,,,,,,,,,,
178,16:12:18,178,717 control   ,,,16,16,0.155349,6.236563,4.101014,61.079262,79.006905,0.226912,164.274689,35.58,1810
179,16:12:29,179,717 control   ,,,16,18,0.157763,6.516473,4.221438,59.178116,75.505302,0.216239,157.319199,35.89,1819
,,,,,,,,,,,,,,,,
180,16:13:54,180,Ptmyb_131-1_1,,,16,17,0.129472,5.549314,4.338353,157.266495,210.461166,0.252753,185.767426,36.19,1837
181,16:14:05,181,Ptmyb_131-1_1,,,16,20,0.113804,4.763031,4.219236,205.374954,269.156036,0.236967,170.500717,35.68,1799
,,,,,,,,,,,,,,,,
182,16:15:35,182,Ptmyb_Control_5,,,16,19,0.351627,11.531151,3.568928,107.340218,192.885117,0.443502,304.940857,34.34,1719
183,16:15:47,183,Ptmyb_Control_5,,,16,22,0.3729,11.607346,3.412822,213.317871,293.699066,0.273686,186.500275,33.78,1704
,,,,,,,,,,,,,,,,
184,16:16:59,184,Ptmyb_125-1_3,,,16,15,0.191255,7.136002,3.861195,106.625679,165.1362,0.354317,233.248947,34.85,1646
185,16:17:09,185,Ptmyb_125-1_3,,,16,12,0.084486,3.497666,4.135937,43.296577,82.528664,0.475375,290.957764,35.37,1530
,,,,,,,,,,,,,,,,
186,16:18:12,186,Ptmyb_125-1_1,,,16,16,0.225415,8.750752,4.055529,164.889694,213.380508,0.22725,160.478638,35.55,1765
187,16:18:23,187,Ptmyb_125-1_1,,,16,17,0.27566,9.695481,3.738228,92.021225,215.033981,0.572062,410.671875,34.65,1795
,,,,,,,,,,,,,,,,
188,16:19:41,188,Ptmyb_122_5,,,16,16,0.343758,11.493566,3.62929,101.059196,259.033173,0.60986,444.290039,34.43,1821
189,16:20:03,189,Ptmyb_122_5,,,16,18,0.33229,11.41406,3.71376,174.415466,261.07132,0.331924,242.858551,34.71,1829
,,,,,,,,,,,,,,,,
192,16:23:15,192,Vvmyb 84-1_4,,,16,7,0.063263,2.759457,4.320458,6.241322,9.386436,0.33507,214.283768,36.12,1599
193,16:23:45,193,Vvmyb 84-1_4,,,16,5,0.081407,3.049521,3.743455,47.330975,120.371864,0.606794,356.052063,34.31,1467
,,,,,,,,,,,,,,,,
194,16:25:17,194,717_CONTROL_2,,,16,16,0.584836,14.955664,2.984487,145.627136,277.460754,0.475143,309.965088,32.92,1631
195,16:25:33,195,717_CONTROL_2,,,16,16,0.350734,10.230442,3.178996,145.090698,269.230927,0.461092,247.536377,33.04,1342
,,,,,,,,,,,,,,,,
196,16:26:46,196,Vvmyb 7-1,,,16,10,0.215771,7.642556,3.69526,50.00174,149.076004,0.664589,374.39325,34.51,1408
197,16:26:56,197,Vvmyb 7-1,,,16,13,0.190829,6.492056,3.524801,90.85965,145.519699,0.37562,200.079346,33.85,1332
,,,,,,,,,,,,,,,,
198,16:28:24,198,Ptmyb_131-1_2,,,16,16,0.199072,6.969298,3.633656,245.666382,354.005554,0.306038,198.484268,34.23,1621
199,16:28:37,199,Ptmyb_131-1_2,,,16,20,0.388054,11.434267,3.246852,165.851715,283.370667,0.414718,244.766846,33.26,1476
,,,,,,,,,,,,,,,,
200,16:29:44,200,Ptmyb_30_4,,,16,16,0.191168,6.924568,3.746887,171.454315,263.789886,0.350035,245.127518,34.7,1751
201,16:29:58,201,Ptmyb_30_4,,,16,19,0.216996,7.26059,3.494688,276.149872,370.47049,0.254597,174.606339,33.84,1715
202,16:31:04,202,VVmybA1_84-1_1,,,16,9,0.049825,1.969593,3.904373,19.384146,46.71035,0.585014,265.616394,34.94,1135
203,16:31:12,203,VVmybA1_84-1_1,,,16,7,0.033771,1.419161,4.123424,31.306744,67.3843,0.5354,252.516632,35.61,1179
204,16:32:03,204,Vvmyb 57-1,,,16,15,0.248477,8.723804,3.698663,50.20845,106.424118,0.528223,347.408661,34.64,1644
205,16:32:13,205,Vvmyb 57-1,,,16,18,0.136913,4.604777,3.427515,50.563576,84.982559,0.405012,257.066956,33.31,1587
206,16:33:53,206,Ptmyb_124_2,,,16,15,0.36976,10.12606,3.002676,185.392136,282.891876,0.344654,193.486191,32.64,1403
207,16:34:06,207,Ptmyb_124_2,,,16,18,0.246795,7.767872,3.318953,103.513245,281.132141,0.631799,367.31427,33.54,1453
208,16:35:15,208,VVmybA1_60_3,,,16,16,0.221131,7.084344,3.352413,188.377258,308.776062,0.389923,256.549988,33.36,1645
209,16:35:24,209,VVmybA1_60_3,,,16,18,0.273138,6.437956,2.518791,82.764748,299.621094,0.723769,436.086365,30.14,1506
210,16:36:29,210,Ptmyb_30_3,,,16,17,0.31057,9.235219,3.197189,139.476654,272.8125,0.488745,316.953491,33.42,1621
211,16:36:42,211,Ptmyb_30_3,,,16,19,0.360197,8.817433,2.68145,110.026001,350.430389,0.686026,408.396179,31.31,1488
212,16:37:36,212,VVmybA1_83-2_4,,,16,10,0.113924,4.015378,3.561578,79.688072,125.159637,0.363309,186.640289,33.84,1284
213,16:37:45,213,VVmybA1_83-2_4,,,16,14,0.096607,3.476801,3.616326,45.538902,72.272858,0.369903,201.680145,33.9,1363
214,16:39:20,214,Ptmyb_125-1_4,,,16,15,0.245016,8.218625,3.533599,149.533157,262.474579,0.430295,284.970642,34.01,1656
215,16:39:29,215,Ptmyb_125-1_4,,,16,18,0.174716,6.124578,3.611819,129.778152,256.198486,0.493447,299.451111,34.04,1517
216,16:40:11,216,VVmybA1_83-2_5,,,16,7,0.190765,5.985661,3.254154,95.724464,157.529526,0.39234,214.69783,33,1368
217,16:40:25,217,VVmybA1_83-2_5,,,16,9,0.067716,2.501671,3.676245,42.505501,60.078468,0.2925,157.908112,34.05,1350
218,16:41:42,218,717_Control_1,,,16,16,0.11685,4.209872,3.642517,121.313454,175.718521,0.309615,201.157867,34.06,1624
219,16:42:37,219,717_Control_1,,,16,19,0.109602,4.087306,3.76004,154.958008,214.003067,0.275908,172.743561,34.39,1565
220,16:43:43,220,717 control-8,,,16,17,0.416335,10.257558,2.744647,130.347855,304.212067,0.571523,343.218231,31.51,1501
221,16:43:58,221,717 control-8,,,16,19,0.373055,10.300291,3.030224,164.403671,294.682831,0.4421,249.417755,32.74,1410
222,16:45:34,222,VVmybA1_59_5,,,16,15,0.226514,6.80683,3.151486,188.272125,276.414978,0.318879,200.178314,32.87,1569
223,16:45:58,223,VVmybA1_59_5,,,16,18,0.246157,7.53535,3.228839,147.419571,242.528183,0.392155,246.989166,33.16,1575
224,16:47:04,224,Ptmyb_92-2_4,,,16,17,0.25008,8.180495,3.451486,122.308372,285.030334,0.570893,361.086426,33.81,1581
225,16:47:20,225,Ptmyb_92-2_4,,,16,21,0.133015,4.925186,3.760159,127.40493,206.060028,0.38171,239.495926,34.53,1569
226,16:48:02,226,VVmybA1_83-2_3,,,16,8,0.259656,7.410471,3.02662,80.646156,170.481674,0.526951,247.431519,32.46,1174
227,16:48:14,227,VVmybA1_83-2_3,,,16,10,0.207037,6.289833,3.166023,77.880981,121.509903,0.359057,174.653549,32.98,1216
228,16:49:01,228,VVmybA1_59_1,,,16,16,0.166448,5.416548,3.345994,107.905266,160.190872,0.326396,202.951874,33.36,1554
229,16:49:10,229,VVmybA1_59_1,,,16,19,0.09974,3.561321,3.589772,57.991505,78.814308,0.264201,159.995773,33.99,1514
2,11:03:14,2,Ptmyb_30_1,,,10,17,0.182565,3.682004,2.106079,140.533798,261.690399,0.462977,330.214294,27.4,1783
3,11:05:03,3,VVmybA1_60_2,,,10,17,0.293419,5.137516,1.894976,87.784767,183.897491,0.522643,322.497131,26.68,1543
4,11:08:22,4,7-7_CONTROL_5,,,10,16,0.365813,5.646484,1.708435,91.675758,263.859772,0.652559,305.146332,26.1,1169
5,11:10:53,5,7-7_CONTROL_4,,,10,17,0.208923,3.396713,1.71393,86.699364,306.905487,0.717505,379.47464,26.1,1322
6,11:13:27,6,Ptmyb_120-1_1,,,10,17,0.136336,2.758313,2.079319,108.604431,312.686127,0.652673,392.184387,27.88,1502
7,11:15:31,7,Ptmyb 120-1_3,,,10,17,0.20437,3.98178,2.046294,106.902481,281.255524,0.61991,317.04007,28.04,1279
8,11:16:55,8,Vvmyb 84-2_2,,,10,9,0.151254,2.507928,1.71452,58.871628,210.280579,0.720033,125.377747,26.61,435
9,11:19:48,9,717 Control 7,,,10,15,0.340221,5.160731,1.666276,86.796638,297.230072,0.707982,25.323942,26.01,89
11,11:21:39,11,VVmybA1_37_3,,,10,3,0.139411,3.129261,2.301215,24.430634,72.733231,0.664106,194.646118,29.92,733
12,11:23:59,12,Ptmyb_122_3,,,10,18,0.264936,6.276518,2.52754,99.73526,263.214233,0.621087,402.260529,30.44,1619
13,11:25:12,13,VVmybA1_84-2_1,,,10,8,0.237533,4.79733,2.140786,22.550224,54.369408,0.585241,104.059738,28.91,445
14,11:26:38,14,VVmybA1_60_1,,,10,14,0.216963,4.002782,1.946482,80.682281,264.561279,0.695034,339.237549,27.51,1220
15,11:27:34,15,7-7_CONTROL 6,,,10,15,0.629877,7.721462,1.466001,90.431931,343.357147,0.736624,121.420326,25.62,412
17,11:29:28,17,Ptmyb_92-2_5,,,10,17,0.307186,5.110088,1.80609,90.557457,341.699249,0.734979,356.214844,27.08,1212
18,11:30:43,18,VvmybA1_37_4,,,10,18,0.317943,5.020092,1.72201,93.176361,356.026306,0.738288,99.996063,26.26,339
19,11:31:41,19,VvmybA1_37_4,,,10,19,0.302326,4.985663,1.787825,84.313271,291.747864,0.711006,165.973938,27.02,584
20,11:33:02,20,VVmybA1_57-1_3,,,10,4,0.292071,6.588253,2.42969,41.95726,109.592819,0.617153,443.611267,29.91,1797
22,11:34:21,22,Vvmyb 83-2_2,,,10,10,0.257089,5.907248,2.448883,72.073456,157.632462,0.542775,382.941864,29.76,1764
23,11:36:03,23,VVmybA1_59_4,,,10,15,0.383927,6.50161,1.881765,61.504482,175.776947,0.650099,442.52652,27.38,1702
24,11:37:51,24,Ptmyb_124_1,,,10,15,0.246668,4.65584,2.009761,51.716209,231.796738,0.77689,291.866058,27.7,939
25,11:38:51,25,Vvmyb_84-2_1,,,10,8,0.025371,0.826041,3.206397,3.25799,4.505087,0.27682,192.782578,32.44,1741
26,11:41:00,26,VVmybA1_59_2,,,10,10,0.336888,5.654407,1.839661,55.730583,204.967224,0.7281,281.699921,26.96,967
27,12:08:13,27,Ptmyb_30_1,,,12,17,0.105589,2.732003,2.6247,97.519043,270.463287,0.639437,404.005371,30.16,1580
29,12:08:53,29,Ptmyb_30_1,,,12,19,0.087338,2.384085,2.750927,122.997162,232.088898,0.470043,341.207764,30.62,1815
30,12:11:30,30,VVmybA1_60_2,,,12,17,0.310161,6.011918,2.103237,67.394974,167.850403,0.598482,362.90567,28.28,1516
31,12:12:18,31,VVmybA1_60_2,,,12,20,0.349036,6.94668,2.183639,119.304298,214.936615,0.444933,285.536285,28.85,1604
32,12:15:20,32,7-7_CONTROL_5,,,12,16,0.529042,7.666558,1.68128,79.208847,259.21228,0.694425,385.070129,26.53,1386
34,12:16:42,34,7-7_CONTROL_5,,,12,19,0.491278,7.383485,1.724708,88.381645,308.441193,0.713457,346.167786,26.59,1213
35,12:19:48,35,7-7_CONTROL_4,,,12,17,0.178579,3.687511,2.148298,89.533569,290.907654,0.692227,165.073715,28.47,596
39,12:21:20,39,7-7_CONTROL_4,,,12,20,0.113941,2.840286,2.535526,142.047287,211.938614,0.329772,231.661163,29.92,1756
40,12:23:25,40,Ptmyb_120-1_1,,,12,17,0.190811,5.62452,3.060035,112.521172,252.434464,0.554256,386.573242,32.69,1744
41,12:24:05,41,Ptmyb_120-1_1,,,12,20,0.19793,5.14039,2.707759,106.914642,249.295212,0.571132,374.887329,31.3,1641
42,12:25:37,42,Ptmyb 120-1_3,,,12,17,0.208317,5.21575,2.620967,111.450432,235.589813,0.52693,318.015686,30.9,1509
43,12:26:07,43,Ptmyb 120-1_3,,,12,14,0.259044,6.354374,2.60893,97.028374,260.602661,0.627677,332.845032,30.99,1326
44,12:27:02,44,Vvmyb 84-2_2,,,12,11,0.186494,4.401771,2.456931,74.969528,187.475784,0.600111,310.726074,30.1,1294
46,12:27:41,46,Vvmyb 84-2_2,,,12,9,0.083852,2.681092,3.207569,43.01405,87.213165,0.506794,341.936707,32.79,1687
47,12:29:33,47,717 Control 7,,,12,15,0.380947,6.691622,1.946462,92.819092,322.667603,0.712338,340.798279,28.15,1196
48,12:30:18,48,717 Control 7,,,12,12,0.338752,6.034019,1.949777,96.565247,327.327332,0.704989,461.677551,27.92,1637
49,12:31:01,49,VVmybA1_37_3,,,12,3,0.070164,2.28331,3.24486,27.617813,62.121223,0.555421,402.40387,33.37,1811
50,12:31:35,50,VVmybA1_37_3,,,12,4,0.141779,4.56837,3.290561,35.355804,87.510719,0.595983,439.196442,33.37,1842
52,12:34:09,52,Ptmyb_122_3,,,12,18,0.171385,4.762559,2.871312,112.769363,262.121704,0.569782,351.081055,31.76,1540
53,12:34:49,53,Ptmyb_122_3,,,12,15,0.189079,5.096102,2.802548,122.849106,249.386978,0.507396,383.775696,31.4,1891
54,12:36:02,54,VVmybA1_84_2_1,,,12,8,0.226,6.331053,2.94463,28.058411,63.244251,0.556348,391.394409,32.15,1759
56,12:37:31,56,VVmybA1_84_2_1,,,12,6,0.285094,7.334282,2.752398,33.506512,91.946617,0.635587,446.401031,32.13,1756
57,12:38:39,57,VVmybA1_60_1,,,12,15,0.249885,5.405897,2.299196,84.925171,274.820923,0.69098,352.501892,29.44,1275
59,12:39:50,59,VVmybA1_60_1,,,12,18,0.518149,10.022982,2.228854,100.49057,272.52951,0.631267,400.179321,29.5,1585
60,12:40:46,60,7-7_CONTROL 6,,,12,7,0.720069,9.870517,1.675705,101.419327,368.584961,0.724841,197.917343,27.32,683
61,12:41:21,61,7-7_CONTROL 6,,,12,5,0.646274,8.618899,1.595386,95.831749,359.155853,0.733175,161.76326,27.73,552
62,12:42:29,62,Ptmyb_92-2_5,,,12,15,0.351181,6.699145,2.09396,80.513832,278.040222,0.710424,410.740967,28.62,1445
63,12:43:54,63,Ptmyb_92-2_5,,,12,13,0.210245,5.462918,2.721167,104.299309,262.752136,0.603051,349.258667,31.1,1448
64,12:44:59,64,VvmybA1_37_4,,,12,16,0.330004,7.157997,2.360015,102.355957,287.838501,0.644398,297.661072,30.2,1155
65,12:45:33,65,VvmybA1_37_4,,,12,19,0.382943,8.634166,2.491929,97.879883,242.392151,0.596192,331.698883,30.63,1391
66,12:48:50,66,VVmybA1_57-1_3,,,12,4,0.265354,7.559523,3.031489,29.793978,79.206299,0.623843,452.39032,32.33,1813
67,12:49:21,67,VVmybA1_57-1_3,,,12,3,0.099835,3.280826,3.313715,20.763515,48.746876,0.574054,428.310791,32.97,1865
68,12:50:40,68,Vvmyb 83-2_2,,,12,10,0.281445,7.715506,2.931885,57.403564,133.647034,0.570484,409.651794,32.1,1795
69,12:51:40,69,Vvmyb 83-2_2,,,12,12,0.179113,5.353743,3.094612,24.598003,54.079147,0.545148,389.07428,32.43,1784
70,12:52:54,70,VVmybA1_59_4,,,12,15,0.434148,10.264971,2.651749,80.501678,185.571747,0.566197,389.170746,31.24,1718
71,12:53:35,71,VVmybA1_59_4,,,12,18,0.279112,7.884851,3.018227,68.179611,129.565781,0.473784,360.24762,32.39,1901
72,12:54:52,72,Ptmyb_124_1,,,12,15,0.187985,4.464477,2.474711,48.406364,197.301895,0.754658,407.508575,29.81,1350
73,12:55:31,73,Ptmyb_124_1,,,12,19,0.239632,6.919808,3.047779,95.848915,241.510559,0.603127,438.655579,32.36,1818
74,12:56:12,74,Vvmyb_84-2_1,,,12,8,0.013417,0.473059,3.448932,4.447818,6.421362,0.30734,167.974823,33.68,1366
75,12:56:55,75,Vvmyb_84-2_1,,,12,6,0.067911,2.226593,3.270285,13.32593,25.161865,0.470392,282.360596,33.01,1501
76,12:57:55,76,VVmybA1_59_2,,,12,10,0.494805,9.824909,2.269568,79.247833,281.172668,0.718152,313.02533,30.08,1090
78,12:58:57,78,VVmybA1_59_2,,,12,13,0.122859,4.400649,3.631632,26.097536,42.014469,0.378844,287.907562,34.23,1900
79,14:06:22,79,Ptmyb_30_1,,,14,17,0.136438,4.793245,3.583954,130.854614,293.292633,0.553843,311.332184,33.4,1405
80,14:06:53,80,Ptmyb_30_1,,,14,19,0.113166,3.850319,3.44807,119.67337,277.774261,0.56917,316.953674,32.83,1392
82,14:09:04,82,VVmybA1_60_2,,,14,17,0.238386,8.096715,3.579606,98.157051,166.893585,0.411858,290.356354,33.54,1762
83,14:09:22,83,VVmybA1_60_2,,,14,20,0.373483,10.643796,3.136812,82.111,153.198883,0.464024,327.46637,32.23,1764
88,14:15:50,88,7-7_CONTROL_5,,,14,16,0.44518,10.060976,2.547079,87.021233,293.155914,0.703157,467.099792,30.21,1661
90,14:16:52,90,7-7_CONTROL_5,,,14,19,0.532627,14.219542,3.075223,98.261475,245.458313,0.599682,445.563324,32.66,1857
91,14:18:42,91,7-7_CONTROL_4,,,14,,0.314166,10.05664,3.451906,111.487984,245.388504,0.545667,367.744476,33.49,1685
92,14:19:03,92,7-7_CONTROL_4,,,14,,0.155902,5.954649,3.909962,131.186844,220.200455,0.404239,261.88446,34.89,1620
94,14:21:51,94,Ptmyb_120-1_1,,,14,,0.093682,4.071832,4.350101,90.533852,182.565353,0.504102,357.248535,36.21,1772
96,14:22:44,96,Ptmyb_120-1_1,,,14,,0.199077,7.213607,3.765323,154.825333,257.831726,0.39951,284.684082,34.31,1781
99,14:26:43,99,Ptmyb 120-1_3,,,14,,0.135244,4.314852,3.258813,100.877884,358.702026,0.71877,57.119282,32.29,199
100,14:27:13,100,Ptmyb 120-1_3,,,14,,0.195473,7.18418,3.818655,98.362686,225.210236,0.563241,380.104767,34.08,1687
101,14:27:47,101,Vvmyb 84-2_2,,,14,,0.15238,5.441395,3.662138,84.198471,174.617279,0.517811,333.511169,33.57,1610
102,14:28:18,102,Vvmyb 84-2_2,,,14,,0.048884,2.258115,4.560696,36.422966,65.967377,0.447864,305.687622,36.17,1706
103,14:30:15,103,717 Control 7,,,14,,0.262745,6.97948,2.836174,93.121651,348.545074,0.732828,156.508438,30.14,534
104,14:30:47,104,717 Control 7,,,14,,0.278937,7.622577,2.930743,100.392578,338.97641,0.703836,181.840668,30.6,646
105,14:31:33,105,VVmybA1_37_3,,,14,,0.063332,2.905591,4.549609,28.352022,65.478264,0.567001,430.461914,36.32,1898
106,14:32:34,106,VVmybA1_37_3,,,14,,0.060997,2.401537,3.916116,27.127148,84.777924,0.680021,434.068939,34.11,1596
107,14:35:14,107,Ptmyb_122_3,,,14,,0.109592,4.393614,4.04778,108.179214,266.274506,0.593731,343.690399,34.62,1447
108,14:36:04,108,Ptmyb_122_3,,,14,,0.175132,7.101405,4.176157,105.849266,231.671799,0.543107,394.226379,35.31,1815
109,14:37:10,109,VVmybA1_84_2_1,,,14,,0.208685,7.967601,3.973236,25.056124,55.550106,0.548946,402.74295,35.2,1834
110,14:37:44,110,VVmybA1_84_2_1,,,14,,0.272261,7.287522,2.862532,24.160624,113.25058,0.786662,66.976601,30.8,213
111,14:39:11,111,VVmybA1_60_1,,,14,,0.293183,7.975987,2.929163,95.747353,327.464722,0.70761,307.862518,30.75,1088
112,14:40:02,112,VVmybA1_60_1,,,14,,0.581279,15.694294,3.157172,108.938095,233.461945,0.53338,399.666199,32.42,1873
113,14:41:24,113,7-7_CONTROL 6,,,14,,0.692762,13.873932,2.425169,104.101898,397.676605,0.738225,141.677628,29.5,480
114,14:41:53,114,7-7_CONTROL 6,,,14,,0.676232,14.231802,2.536271,100.234512,361.497467,0.722724,190.586182,29.9,659
116,14:43:24,116,Ptmyb_92-2_5,,,14,,0.224831,8.39444,3.912573,105.980873,218.885147,0.515815,255.885284,34.44,1240
118,14:44:26,118,Ptmyb_92-2_5,,,14,,0.188669,5.346227,2.95199,88.283302,324.844696,0.728229,421.948181,30.75,1449
119,14:45:25,119,VvmybA1_37_4,,,14,,0.28668,8.668968,3.242372,119.120476,297.489777,0.599581,292.994812,32.23,1222
120,14:46:05,120,VvmybA1_37_4,,,14,,0.378323,11.169643,3.251902,92.658875,215.691071,0.570409,356.995453,32.69,1565
121,14:47:04,121,VVmybA1_57-1_3,,,14,4,0.133195,5.760368,4.394033,28.586626,77.112129,0.629285,491.052582,35.74,1951
122,14:47:33,122,VVmybA1_57-1_3,,,14,3,0.029528,1.570369,5.201202,20.056486,42.004044,0.522511,410.412506,37.92,1964
124,14:48:38,124,Vvmyb 83-2_2,,,14,,0.254599,9.40287,3.902422,47.653198,126.456474,0.623165,450.23642,34.85,1806
125,14:50:14,125,Vvmyb 83-2_2,,,14,,0.138555,5.523691,4.059326,23.237944,55.288868,0.579699,400.977966,35.04,1729
126,14:50:54,126,VVmybA1_59_4,,,14,,0.255042,9.841967,4.077304,42.117119,85.736969,0.508764,395.481415,35.2,1943
127,14:51:25,127,VVmybA1_59_4,,,14,,0.363748,11.990391,3.602421,79.721329,189.810226,0.579995,418.131744,34.22,1802
128,14:52:36,128,Ptmyb_124_1,,,14,,0.338396,12.29005,3.934432,89.805725,249.688904,0.64033,476.879059,35.16,1862
129,14:53:29,129,Ptmyb_124_1,,,14,,0.233318,8.859145,3.983612,103.943108,254.270477,0.59121,440.046448,35.03,1861
130,14:54:11,130,Vvmyb_84-2_1,,,14,,0.029278,1.442879,4.830809,6.135106,8.566082,0.283791,190.764923,36.69,1681
131,14:54:37,131,Vvmyb_84-2_1,,,14,,0.056312,2.525225,4.439574,7.80952,13.996934,0.442055,251.952194,35.88,1425
133,14:56:11,133,VVmybA1_59_2,,,14,,0.26729,7.585589,3.026968,51.640747,183.856873,0.719125,179.303085,31.46,623
134,14:56:53,134,VVmybA1_59_2,,,14,,0.106925,4.236876,3.998508,46.082855,97.150192,0.525653,277.530884,34.49,1320
135,16:04:43,135,Ptmyb_30_1,,,16,17,0.087028,3.457355,3.975945,138.906952,210.531479,0.340208,231.686157,34.68,1703
137,16:05:53,137,Ptmyb_30_1,,,16,19,0.091218,3.657574,4.01998,143.153793,208.826706,0.314485,214.965088,34.67,1709
138,16:08:20,138,VVmybA1_60_2,,,16,17,0.264062,8.81448,3.542789,115.120056,171.005905,0.326807,221.305054,33.56,1693
139,16:08:49,139,VVmybA1_60_2,,,16,20,0.351975,10.551039,3.272687,93.119141,169.030685,0.449099,280.289917,32.7,1560
141,16:12:02,141,7-7_CONTROL_5,,,16,16,0.393675,11.464487,3.21831,146.620636,247.583145,0.407792,275.847473,32.69,1691
142,16:12:53,142,7-7_CONTROL_5,,,16,19,0.310753,10.337161,3.579323,140.856384,245.165756,0.425465,309.665131,33.81,1820
143,16:15:29,143,7-7_CONTROL_4,,,16,,0.213501,6.581073,3.223258,117.913483,322.894867,0.634824,215.879196,32.52,850
144,16:15:44,144,7-7_CONTROL_4,,,16,,0.109605,4.311986,3.965129,103.795769,170.606064,0.391606,237.1008,34.81,1514
146,16:18:24,146,Ptmyb_120-1_1,,,16,,0.150241,5.515966,3.754287,124.815346,280.526642,0.555068,318.105194,34.13,1433
147,16:18:42,147,Ptmyb_120-1_1,,,16,,0.236824,8.608845,3.815919,110.117912,272.055695,0.595238,394.343842,34.74,1656
148,16:21:09,148,Ptmyb 120-1_3,,,16,,0.118574,5.109146,4.348743,85.139755,146.370422,0.418327,279.161255,35.94,1668
149,16:21:21,149,Ptmyb 120-1_3,,,16,,0.208092,7.743124,3.871756,111.317757,209.787842,0.469379,310.576233,34.74,1654
151,16:23:29,151,Vvmyb 84-2_2,,,16,,0.126539,4.231993,3.396691,50.030708,194.582504,0.742882,186.205704,33.25,627
152,16:23:48,152,Vvmyb 84-2_2,,,16,,0.040244,1.514028,3.706907,34.859421,102.62233,0.660313,200.893753,34.28,761
153,16:25:49,153,717 Control 7,,,16,,0.302969,8.311439,2.953984,96.573112,351.084381,0.724929,145.348679,31.63,501
154,16:26:19,154,717 Control 7,,,16,,0.21323,6.782477,3.326342,145.604965,282.883942,0.485284,248.038895,32.7,1278
155,16:27:11,155,VVmybA1_37_3,,,16,,0.040038,1.709553,4.202445,25.761009,61.040756,0.57797,357.808136,35.44,1548
156,16:27:44,156,VVmybA1_37_3,,,16,,0.07067,2.298999,3.248371,30.516386,128.003525,0.761597,142.004547,32.51,466
157,16:30:04,157,Ptmyb_122_3,,,16,,0.106426,3.472731,3.297521,91.918945,364.849945,0.748064,187.274521,32.5,626
158,16:30:39,158,Ptmyb_122_3,,,16,,0.127838,5.511595,4.363594,90.964081,182.075531,0.500405,359.742859,36.03,1797
159,16:31:52,159,VVmybA1_84_2_1,,,16,,0.20892,7.905412,3.930563,26.503801,63.993931,0.585839,394.07196,35.51,1682
160,16:32:24,160,VVmybA1_84_2_1,,,16,,0.281007,7.324399,2.789548,32.324909,161.81723,0.800238,41.843964,31.17,131
161,16:33:56,161,VVmybA1_60_1,,,16,,0.223578,6.144988,2.890821,92.154266,327.974121,0.71902,41.534863,30.96,144
162,16:34:54,162,VVmybA1_60_1,,,16,,0.514008,13.714573,3.0544,114.819649,258.700073,0.556167,360.398254,32.58,1620
163,16:36:50,163,7-7_CONTROL 6,,,16,,0.54054,13.015014,2.782328,163.75386,313.460754,0.477594,52.113525,31.49,273
164,16:37:46,164,7-7_CONTROL 6,,,16,,0.575016,12.37354,2.515704,90.123299,381.57608,0.763813,145.277237,30.35,475
166,16:40:06,166,Ptmyb_92-2_5,,,16,,0.230364,6.523862,2.984351,77.76976,311.518982,0.750353,125.296097,31.22,417
167,16:40:30,167,Ptmyb_92-2_5,,,16,,0.163137,5.374651,3.39244,111.912849,253.766846,0.558993,194.165344,32.57,868
168,16:41:49,168,VvmybA1_37_4,,,16,,0.290722,7.709866,2.848109,78.177811,310.95694,0.74859,85.806015,31.1,287
169,16:42:21,169,VvmybA1_37_4,,,16,,0.326041,8.20132,2.733264,79.550743,321.115417,0.752267,76.005722,30.56,253
170,16:44:14,170,VVmybA1_57-1_3,,,16,,0.176479,6.843458,3.995263,32.788395,83.724625,0.608378,367.925323,34.91,1512
171,16:44:30,171,VVmybA1_57-1_3,,,16,,0.040129,1.760236,4.320214,21.156193,64.581276,0.67241,301.821594,35.44,1122
172,16:45:37,172,Vvmyb 83-2_2,,,16,,0.238919,8.340605,3.669348,54.253937,145.28215,0.626562,372.463715,34.35,1486
173,16:45:57,173,Vvmyb 83-2_2,,,16,,0.146386,4.45296,3.115082,22.055267,85.494789,0.742028,361.30368,32.15,1217
175,16:48:10,175,VVmybA1_59_4,,,16,,0.307467,9.302341,3.257158,67.84272,189.83754,0.642627,402.477722,32.81,1566
176,16:48:53,176,VVmybA1_59_4,,,16,,0.430573,11.801461,3.065198,97.213272,249.122009,0.609776,262.052338,32.25,1074
178,16:50:25,178,Ptmyb_124_1,,,16,,0.168755,5.060977,3.095404,47.137497,221.286346,0.786984,68.887436,31.84,219
179,16:50:47,179,Ptmyb_124_1,,,16,,0.207072,6.361585,3.209408,94.996689,308.022766,0.691592,261.038269,32.17,944
181,16:52:38,181,Vvmyb_84-2_1,,,16,,0.057368,2.314475,3.993992,9.791136,16.482229,0.405958,178.222443,35.08,1098
182,16:52:52,182,Vvmyb_84-2_1,,,16,,0.058114,2.199917,3.756122,16.423702,26.414074,0.378222,149.331375,34.05,987
183,16:53:48,183,VVmybA1_59_2,,,16,,0.178407,5.177775,3.004724,52.63245,209.563141,0.748847,53.866962,31.58,180
184,16:54:35,184,VVmybA1_59_2,,,16,,0.117013,3.715292,3.221626,34.087299,109.007919,0.687295,78.596268,32.09,286