"","tree","Vcmax","Jmax","Rd","Jmax_Vcmax_ratio","A_A_410","A_A_400a","A_A_200","A_A_100","A_A_50","A_A_0","A_A_400b","A_A_400c","A_A_600","A_A_800","A_A_1000","A_A_1200","A_A_1500","A_A_2000","A_A_300","gsw_A_410","gsw_A_400a","gsw_A_200","gsw_A_100","gsw_A_50","gsw_A_0","gsw_A_400b","gsw_A_400c","gsw_A_600","gsw_A_800","gsw_A_1000","gsw_A_1200","gsw_A_1500","gsw_A_2000","gsw_A_300","Ci_A_410","Ci_A_400a","Ci_A_200","Ci_A_100","Ci_A_50","Ci_A_0","Ci_A_400b","Ci_A_400c","Ci_A_600","Ci_A_800","Ci_A_1000","Ci_A_1200","Ci_A_1500","Ci_A_2000","Ci_A_300","Air_temp","Air_VPD","spad"
"1","LCOR-578",54.1635326442576,85.4546666442126,0.718685391191427,1.5777158998375,13.42769987,13.53416595,5.921360961,1.769911089,-0.392353182,-2.579392286,12.8104145,12.46628776,16.41432624,16.91256177,17.55993714,17.94858936,17.97733495,18.17114333,NA,0.295270767,0.275009559,0.295161668,0.290586635,0.290304095,0.289717657,0.293786688,0.298375064,0.274724693,0.294786562,0.31048903,0.308579716,0.311047384,0.312089392,NA,309.8017493,293.9522369,155.272166,85.55751148,51.43986664,21.1904084,303.9274932,307.1679627,468.4213746,666.9334675,861.8517147,1054.44697,1347.738471,1834.564913,NA,18.8446428571429,0.620357142857143,25.35
"2","LCOR-269",72.8719007658216,115.037765256343,0.793467594209251,1.57862995266206,17.89655705,18.13235292,8.072864223,2.490170755,-0.463664437,-3.195042943,17.42106992,16.72541226,21.60037998,23.06707583,23.72279007,24.03155104,24.29724089,24.71177222,NA,0.348673909,0.3568664,0.365029401,0.367465968,0.371163554,0.392529995,0.384671441,0.369887777,0.363864891,0.366663954,0.379719466,0.36541099,0.390361239,0.381850914,NA,294.106728,284.9097828,148.923057,83.39964668,51.29780371,20.86143028,294.773558,295.6053496,461.5701932,649.0252105,843.853764,1033.023914,1330.467463,1814.004815,NA,19.8696428571429,0.747321428571429,29.4
"3","LCOR-211",62.7247740361078,82.3186116424252,0.823900059160768,1.31237797038596,14.46233068,14.51448024,6.716723059,2.040215013,-0.543642471,-2.823259526,13.78020678,12.66671629,15.61102678,16.39179634,17.46283018,16.83475814,16.91306535,17.5156711,NA,0.328395029,0.34584687,0.329031558,0.330874507,0.351928509,0.353947099,0.372079867,0.3793748,0.362470614,0.369268418,0.359629685,0.380803107,0.359064277,0.364773232,NA,310.457137,303.7898196,153.5442283,84.92268547,51.93860704,20.13131443,312.8005925,320.1173172,495.428522,687.3865491,874.7493409,1077.098031,1363.901272,1849.874291,NA,20.325,0.8,25.65
"4","LCOR-152",85.8292447857619,106.237291583793,0.846744385051058,1.23777497808552,18.1639207,17.9348442,7.934706764,2.429108201,-0.537209275,-3.300665056,17.12102069,16.36188171,19.97773621,21.42951922,21.91258022,21.57751711,21.51652526,22.61534789,NA,0.331570841,0.326539398,0.339606003,0.356660456,0.362509267,0.356487024,0.338582698,0.350378419,0.364205363,0.355931136,0.362698614,0.382258327,0.361832212,0.341216107,NA,288.5110477,278.489528,147.3280047,83.45166965,51.82325252,22.66707363,286.8115142,294.0002558,470.9312313,655.1682115,849.6868251,1051.901923,1339.293023,1813.739704,NA,21.35,0.98,32.05
"5","LCOR-566",70.4812708135979,85.6804943897829,0.639207014333647,1.2156491135976,14.14165536,13.76673115,6.208362091,1.92727523,-0.396421299,-2.646990044,13.09514423,12.88156218,17.0524032,17.59177921,17.82028278,17.55397823,17.98091642,18.62559074,10.34747292,0.318107847,0.317201318,0.326979392,0.337999599,0.33602879,0.322064763,0.340741801,0.36983608,0.362862074,0.361760371,0.353491905,0.358079811,0.343819515,0.357956964,0.312184356,307.3928278,299.6760189,155.3561045,85.41479448,51.23606416,20.75839733,308.7654256,314.8629204,483.8849037,675.0871203,866.9921435,1064.58302,1350.485091,1837.718555,223.8115555,19.525,0.665,24.6
"6","LCOR-079",120.656037159879,141.721153937921,1.17160017456913,1.17458817042142,20.94780125,21.19020165,9.023108337,2.633040806,-0.605178039,-4.020941247,20.31375812,20.69709293,26.28801524,26.85537093,26.62691079,29.6341309,29.27805593,29.94563336,15.44817194,0.267428359,0.297698445,0.322036982,0.357134304,0.336788097,0.345297898,0.347792829,0.352858606,0.349532881,0.385839669,0.375363197,0.34175093,0.357198018,0.363264734,0.305993094,244.8581862,246.5605161,137.4810228,82.02324442,52.4558014,27.73056326,268.041483,267.1213429,427.756047,631.3092769,823.3650724,989.2159657,1289.582275,1775.232111,190.1298884,21.325,0.8825,32.6
"7","LCOR-318",65.7366415309941,83.6237405289666,0.8190171050305,1.27210241626869,12.5294285,12.14072568,5.270571959,1.448407298,-0.504271076,-2.454305655,11.59020931,11.428173,15.62615897,16.44640694,16.84051084,17.15384154,17.45089434,17.93502648,8.894013182,0.197384334,0.182439978,0.197613125,0.214021249,0.225412961,0.225831767,0.230200941,0.237076901,0.247773909,0.251646247,0.253074184,0.248500473,0.224750381,0.238942555,0.184330346,281.7737085,267.4426245,145.434542,84.77849303,53.09133552,24.14793785,294.1157475,297.6729562,463.5130757,653.1472726,845.9524571,1036.985677,1315.999425,1807.201523,203.5618213,21.5,0.905,25.7
"8","LCOR-160",94.2402233509761,123.348148997173,0.976906090564447,1.30886944673073,19.47884443,18.94701171,8.395319886,2.48588,-0.706714668,-3.71111987,18.19157062,17.5720516,22.70624892,24.3684819,25.14475697,25.13623963,25.1361268,26.12243226,14.04889197,0.363997516,0.389890386,0.385214911,0.39435602,0.38824725,0.398005205,0.373970328,0.399869378,0.408607155,0.410136726,0.423741547,0.418133236,0.425664597,0.395368562,0.389901325,286.3905147,285.3547738,148.2197322,83.88426349,52.59023534,23.29891593,286.4603029,294.7468569,463.8326398,649.7688904,843.7327652,1037.19591,1331.482951,1806.402982,214.9162368,22.8,1.1125,30.7
"9","LCOR-106",92.7190637624926,118.1170227989,1.06055324572331,1.27392380817678,18.29400383,18.1790352,7.841701389,2.342142578,-0.589115768,-3.420339558,17.26022965,16.94844217,21.89633699,23.24275085,23.3937608,23.7515459,24.56473448,24.73352732,13.11915035,0.26891485,0.290974767,0.301921234,0.303031435,0.317865535,0.297281173,0.322118711,0.320772094,0.304580763,0.324348688,0.331193752,0.337683221,0.315408748,0.336649398,0.304141468,265.5023735,264.949266,142.5721319,81.88922693,52.57762173,26.3836147,280.2698647,281.9123451,439.281132,632.8646807,829.3741605,1024.012186,1303.13784,1797.175435,205.2048166,23.25,1.135,26.8
"10","LCOR-509",120.076868415431,132.131274038563,1.04279331796907,1.10038907395076,20.6249547,20.42546902,8.720877641,2.444922919,-0.752378733,-4.045060029,19.53103917,19.45244076,24.69138628,25.14883685,25.62271116,26.88346889,27.42096588,27.20338818,14.83733629,0.275306481,0.308343968,0.327456526,0.326466403,0.337465536,0.330804712,0.343263457,0.346688472,0.347198935,0.357119377,0.343944115,0.336525116,0.325501338,0.343887489,0.314038255,251.3082098,255.5854907,140.1257788,82.0498395,53.42962666,28.56501491,271.5730612,272.9204218,436.552766,631.7472489,819.5636761,1004.720126,1288.825188,1785.616579,196.3331815,24.65,1.369,33.9
"11","LCOR-474",80.9422622081027,108.742481426224,0.952236252280213,1.3434574035829,15.73463336,15.41133011,6.615577961,1.75833272,-0.810114958,-3.393661591,14.67030084,14.53067153,19.17231392,20.99359138,21.72459518,22.3500132,22.94110861,22.42163859,11.30179985,0.292980121,0.336676385,0.336702456,0.342269579,0.364474757,0.331807125,0.355372746,0.358632665,0.362478555,0.369532346,0.370106371,0.362938161,0.352910938,0.380359926,0.328884631,291.7036665,295.2767666,154.2478535,86.77983127,53.43911533,24.26413499,303.3826789,304.6801231,473.2158986,659.7089577,849.9807625,1040.002721,1324.904015,1823.408743,221.7673191,25,1.4275,22.4
"12","LCOR-217",87.5236811334032,115.565428424861,0.686603091557344,1.32039040095579,16.0196163,15.92692316,6.630573607,1.709049423,-0.816208587,-3.353520357,14.9273251,14.90987126,20.17915093,21.90315667,23.05537251,24.33434643,24.31759952,24.38192679,11.45210014,0.300060416,0.331902864,0.353822667,0.355874387,0.337656016,0.368012983,0.364612643,0.377205111,0.372979831,0.385348777,0.388944942,0.356508242,0.384177626,0.381148401,0.333313167,291.1323692,290.2534195,155.2383397,87.16373932,53.63819251,22.51942061,302.9136249,304.9833536,468.6649999,656.2897526,845.23972,1023.420641,1323.311577,1808.357955,221.0076938,28.1483333333333,1.988,26.7
"13","LCOR-231",102.781150439523,113.54577194079,0.94927705256673,1.10473342101382,18.61216128,16.51129067,7.074656273,1.766914244,-0.912157636,-3.594694407,16.4373547,16.95020938,21.27219504,21.92437464,21.88150584,22.87813337,22.78284408,22.75047201,12.17681225,0.261266156,0.215437969,0.264387644,0.270538798,0.297778903,0.292204848,0.2954164,0.282105177,0.30294596,0.311518891,0.322735129,0.330884625,0.33475969,0.311043148,0.260930895,257.6309414,244.5841106,142.3056418,84.54054236,54.86081236,29.45962104,278.2948564,270.3433151,442.7223686,636.7020412,835.9410581,1027.267575,1321.764155,1800.017606,200.9764655,24.5,1.3325,32.3
"14","LCOR-108",106.951504054908,130.658962312937,0.966012068507406,1.22166549659608,19.34464644,19.14684062,8.053406982,2.164930967,-0.805947158,-3.788801906,18.14587006,18.21419139,23.92625605,26.42991701,26.74930447,26.91426757,26.6942235,25.60223583,13.75615784,0.311248992,0.337607163,0.34943904,0.354753844,0.365750787,0.350299997,0.367641971,0.369843796,0.36985675,0.381035853,0.384548762,0.38710334,0.360679786,0.391339718,0.341584598,273.0468625,272.2607561,146.7440061,84.68732547,53.4130548,26.20157136,285.486987,285.4106037,447.4732875,631.4091925,825.279447,1020.495129,1305.029042,1808.001642,208.6917022,26.2116666666667,1.66833333333333,29.9
"15","LCOR-584",119.991106291564,129.476643285985,0.818522822835879,1.07905200049887,20.70351087,20.56791119,8.57155545,2.389594099,-0.89166223,-4.047787841,19.30220816,19.28394011,24.70976421,25.47887506,25.99142766,25.8451449,26.98974924,25.84913156,14.67872778,0.302843949,0.345808384,0.373148879,0.373560361,0.379336174,0.361124715,0.386422112,0.394465166,0.390607792,0.40632638,0.401076403,0.403893853,0.37524539,0.399857209,0.351262357,261.3916178,265.7246309,146.0303826,83.82235084,53.71848184,26.98832134,282.8543178,284.3290463,448.549799,642.7769023,833.9372399,1030.137509,1307.746451,1808.70171,204.8936628,26.475,1.72,30.8
"16","LCOR-225",112.787703157109,122.691984773478,0.630364577986828,1.08781348798789,17.95499991,17.90713172,7.471101426,1.899269279,-0.928632795,-3.682792992,17.01774599,16.97423351,22.83995944,24.4246988,24.44643065,24.64585581,25.16495097,24.92285093,12.80498198,0.282199436,0.326907402,0.344357533,0.357103327,0.360017365,0.336846572,0.359933228,0.362470405,0.368989633,0.371000735,0.374240291,0.370963909,0.344624396,0.375282348,0.327905604,270.8783858,275.2815054,148.7010548,85.70263017,53.84706668,25.97799092,288.4621666,289.0431887,450.4838184,635.6123813,830.1702503,1021.777459,1300.586419,1796.447266,210.3943395,28.35,2.19,30.8
"17","LCOR-472",104.480675004413,113.071052157777,0.713190285616741,1.08221977081409,15.30740722,16.23245461,6.787614021,1.634152576,-0.991321525,-3.649972109,15.53386549,15.43142279,20.93144163,22.58403894,22.72131394,22.96742895,22.69628971,22.64970135,11.71091245,0.206892306,0.299059242,0.328120147,0.333335536,0.340053708,0.347868487,0.341705531,0.336059445,0.367509122,0.363632758,0.360905973,0.354050971,0.347915351,0.316889199,0.317965111,259.2115299,277.1423705,150.6569494,86.39186356,54.26088254,25.26937711,292.2377241,291.2290899,458.8992619,641.3846557,832.6530733,1022.646439,1312.022646,1784.615279,214.6581175,31.065,2.8255,28.5
"18","LCOR-586",112.187937560362,120.786805350422,0.653892450203842,1.07664699055043,17.69254286,17.33815036,7.297026669,1.76048808,-1.081887076,-3.848919212,16.5390467,16.51149066,22.30551319,23.9871963,24.65194145,24.46321576,24.43259764,23.90981161,12.54107051,0.336831567,0.388832999,0.393698072,0.406288971,0.409652805,0.389412252,0.416077257,0.428645748,0.422989025,0.42913582,0.432252765,0.428646439,0.399368524,0.432001353,0.383138449,287.0725064,290.5529488,153.131171,87.02247447,53.94233162,24.83460549,299.3207229,301.1106382,462.9513629,648.2854395,838.348669,1031.342197,1313.184506,1805.935556,219.7145744,31.7166666666667,2.9775,29.06
"19","LCOR-383",78.9226404184535,101.402495477322,0.945846291280569,1.28483404685499,17.9162446,17.61662835,7.675023418,2.368850635,-0.469557501,-3.184920868,16.90821041,16.97284356,20.11397101,20.68775996,20.51728106,20.6389522,21.28253095,19.52273782,12.74007978,0.241105103,0.243408998,0.273875893,0.259897013,0.259117461,0.28246942,0.285668555,0.287021341,0.306294145,0.296700753,0.281161922,0.303024068,0.274655104,0.304556902,0.26480396,259.0184008,252.2052497,140.5950599,79.95614228,52.22105222,26.27656106,274.3172579,274.39901,455.1838704,642.737981,832.7640734,1035.801387,1313.289172,1824.029124,199.7820806,17.4966666666667,0.629166666666667,32.6
"20","LCOR-001",79.3976816559274,101.973667114496,0.942656659831381,1.28434061282045,16.55884067,16.47445915,7.031896597,2.052301684,-0.555216289,-3.034260435,15.6519691,15.69863748,19.63645307,20.34208299,20.48032983,21.04840438,21.00405822,20.6437753,11.79913125,0.25900454,0.256999951,0.262970182,0.28793977,0.285704933,0.279984758,0.279537786,0.300974072,0.295773388,0.302694161,0.303747914,0.303194781,0.308894708,0.310121411,0.265291692,276.997384,266.9803077,143.5866377,83.56667591,52.55307972,24.9211046,281.023767,287.2012887,454.5778374,647.2394732,841.4009812,1033.092253,1327.493179,1818.828237,206.6322611,18.725,0.8125,32.5066666666667
"21","LCOR-546",75.4750601800398,89.5062273783562,0.857632232495774,1.18590468381007,15.69310012,15.50004451,6.737491709,2.07491002,-0.534580853,-2.935813178,14.86740782,14.29668321,17.16131406,17.41843138,17.8714391,18.16582247,18.46650247,18.9915581,11.27297601,0.250268871,0.257159527,0.282482112,0.283076356,0.289659,0.291682985,0.291925443,0.317346118,0.317191899,0.325716859,0.321190777,0.329767925,0.323227461,0.329441233,0.246712247,280.1249011,274.3675157,148.4572027,83.27164207,52.35731465,23.30685926,290.3147109,300.0661764,477.288123,672.7180205,863.4283602,1059.67439,1347.983987,1833.904837,205.5079451,20.175,1.0575,27.8
"22","LCOR-501",75.0911479114957,86.7354276531389,0.801834385799794,1.15506860749242,13.52844287,13.64778952,5.860238631,1.725730374,-0.52547089,-2.719457894,13.52939389,12.96359251,16.33895762,17.05985675,17.50610297,17.46189825,18.05821739,18.26996529,9.824128493,0.129774608,0.176526664,0.182178082,0.193717532,0.210209349,0.212740029,0.221814369,0.242755563,0.23666611,0.262845159,0.260647937,0.261207409,0.257617053,0.248013284,0.18924357,217.7398329,250.4675594,136.6428474,81.33999118,53.45188886,27.23065014,276.4402472,288.6371765,455.0168928,655.9626629,846.0003093,1042.366655,1329.042631,1812.414511,197.7568983,21.255,1.254,26.6
"23","LCOR-219",94.292496139421,107.069334833573,0.779426130455817,1.13550217904148,16.24784672,16.3141016,7.044156581,2.044023727,-0.539245105,-3.20671963,16.16449454,15.8695789,20.09022896,20.56198676,21.29903594,22.01600137,22.22150466,22.76750527,11.79079065,0.193628876,0.214776047,0.241032736,0.252028675,0.263100341,0.269508108,0.284559928,0.30138632,0.300560233,0.318344554,0.315338014,0.301376274,0.306869905,0.306930322,0.241339785,246.2583253,248.5760675,139.4695127,81.94868839,52.66500941,28.23621736,279.1785346,285.8211578,453.2095162,650.6455481,840.466465,1025.642164,1319.262169,1804.136364,199.7083582,23.525,1.655,25.1
"24","LCOR-033",89.8316689394398,108.175475578953,1.02561905249509,1.20420200198974,14.84136344,14.95624999,6.23261294,1.760174107,-0.652606806,-3.1386618,14.9553533,15.03395386,19.10216594,20.9646699,21.74247556,22.72265423,22.6062282,21.60767705,10.71547845,0.167269175,0.192309618,0.237230155,0.251604196,0.250963681,0.244454276,0.259818042,0.272846505,0.277658881,0.276017581,0.291267683,0.289822145,0.294170664,0.294548079,0.210497558,240.1291323,247.7054949,145.4154682,84.27785565,53.798738,27.75722982,279.768927,283.2979726,451.5370175,632.6708792,828.7088144,1016.502423,1312.408414,1805.893244,198.1967752,23.9833333333333,1.7525,32
"25","LCOR-187",82.2682591584684,116.051214268385,1.45694997505793,1.4106438553032,20.58417858,20.27919163,8.634417905,2.541131044,-0.409658721,-3.58887787,16.76432862,18.56695386,21.6186442,23.20306237,24.33918744,23.89594416,22.9264566,23.93646311,14.42557178,0.27822427,0.320989338,0.340336284,0.348155398,0.319310071,0.369692632,0.362796458,0.374867693,0.385387331,0.387200442,0.35042197,0.379343105,0.39820333,0.365413041,0.318077262,279.0048027,286.7154521,153.5490493,86.24243476,51.74998447,23.80942691,313.2355355,308.5015177,494.1234192,682.2839997,861.9136721,1069.741407,1372.178648,1848.511142,218.7310635,18.9666666666667,0.8695,34.2
"26","LCOR-243",78.663870934033,103.964050601035,1.29857003579936,1.32162388357698,18.06601232,18.12565824,7.777134175,2.33239527,-0.45054523,-3.329846954,16.0589075,17.19425423,19.66253877,20.59288844,20.46181356,21.19181965,22.19770642,21.03459128,13.43295507,0.216879279,0.244256951,0.257501276,0.281205673,0.370028372,0.331411735,0.299068601,0.341807319,0.360337976,0.372346541,0.362353123,0.348516376,0.307179235,0.33172567,0.259605784,264.3193397,269.7166279,146.6292438,84.6717611,51.49585867,23.80859703,299.5957864,306.4040627,494.801332,687.649735,881.5236918,1069.673592,1342.41784,1847.664327,209.0075976,20.25,1.0375,33.9
"27","LCOR-389",60.2020839055482,84.7037708188529,0.882033217018167,1.40699067746136,16.350836,16.25000868,7.250310797,2.168510274,-0.313324092,-2.729021986,13.30817264,13.90295459,15.8387887,16.86187052,18.77540164,17.82705697,17.89147041,17.04513674,11.95915626,0.307665501,0.373553389,0.377800366,0.367920706,0.347452691,0.412406467,0.412753545,0.417122473,0.413873302,0.415514731,0.354700997,0.350984884,0.367972078,0.361860102,0.365793176,310.9388199,318.952677,164.2426912,89.23192077,50.93156315,17.84226669,331.110989,330.4716069,515.7461984,703.749612,890.562044,1089.460707,1387.325366,1873.531318,239.5213659,21.5566666666667,1.18683333333333,28.6
"28","LCOR-392",92.3268211606188,111.959658943273,0.86259061615966,1.212645009715,20.19646073,20.31659707,8.756597359,2.586368172,-0.55648154,-3.562704044,17.91945108,18.84496813,22.16563338,22.71511143,22.9588649,23.03309894,22.91303761,21.84338974,14.42817616,0.255085279,0.302538049,0.30826218,0.31707022,0.296649574,0.334907563,0.341976221,0.362161825,0.353618953,0.365903395,0.332535894,0.361015635,0.36518438,0.350993793,0.303756879,267.6054109,279.3113061,148.186009,84.69563151,53.11557317,25.00896118,301.7269502,303.2290761,481.4314925,676.3385299,859.6617011,1064.553358,1358.474073,1848.329184,214.8993956,23.175,1.405,32.5
"29","LCOR-500",108.168203673445,146.099881879739,1.11788997477885,1.35067308985558,20.67961555,20.38509091,8.40551502,2.241917167,-0.910171333,-3.697077362,18.373945,19.53278615,25.39102658,28.30195724,30.40464106,30.9176678,30.54429773,27.94897059,14.07030662,0.279591662,0.341197,0.331804221,0.330010243,0.344843339,0.308700354,0.346176171,0.349557474,0.346250132,0.342395312,0.347238865,0.322356504,0.382203799,0.355142376,0.344572757,278.0698694,291.2703177,153.1620902,87.20961922,54.59830249,30.25517764,300.1009052,297.8139847,464.0867811,643.7424513,829.5564008,1013.351606,1326.880347,1821.222157,225.4748598,20.6016666666667,0.782,30
"30","LCOR-190",108.748561685951,139.02885086165,1.03234470881501,1.27844312335039,20.11867412,20.47333726,8.526276269,2.207567623,-1.065848967,-3.978260189,18.53936412,19.67314119,25.59749632,26.87356116,28.86809441,28.99909003,28.35569239,26.9069111,14.40927332,0.307028598,0.349750647,0.346051046,0.348523147,0.316723792,0.370036367,0.379837133,0.361602234,0.25665839,0.376584446,0.356579449,0.376666023,0.37496647,0.385221546,0.350631375,291.2009503,294.1907866,155.4311212,88.49890718,55.81922316,25.36214193,307.6616016,300.2995426,426.1989036,663.817301,841.4670291,1045.651435,1341.798568,1841.607142,226.0057828,21.775,0.9525,30.6
"31","LCOR-077",187.223225086905,203.453957576223,1.25310526237199,1.08669187533643,29.76767236,30.54486758,13.09229111,3.684550132,-1.16086076,-5.495319431,27.21417984,28.78078286,34.76868642,39.35598377,39.28918163,43.44607056,40.45418057,43.90796252,22.30549638,0.408249408,0.458158403,0.346961824,0.523251871,0.538410389,0.500550551,0.476537481,0.521290664,0.505427477,0.491484515,0.50616129,0.448730881,0.500702581,0.491864155,0.441364273,277.6434947,278.3747347,133.9158084,86.45146371,54.07705295,27.64541691,292.2572269,296.8168683,469.521839,643.9752939,846.5508536,1009.580984,1329.587884,1803.582458,208.9473937,23.55,1.2225,36.5
"32","LCOR-065",96.3474807510631,119.180257112583,0.967417602554828,1.23698363655728,18.72792795,18.59006079,7.504647737,1.923733104,-0.775283835,-3.522519858,16.43003799,17.66726348,22.78710133,22.93962684,24.33524273,24.69757774,24.61655566,25.66015557,13.11772811,0.302355229,0.339449244,0.346874089,0.342554065,0.356506139,0.369938305,0.356804649,0.38439264,-0.156525505,0.430121532,0.390809873,0.382507347,0.366661268,0.368938696,0.332203092,297.4334345,299.3315746,159.80319,89.47617953,53.70373069,23.00281568,311.4600469,313.0615106,814.8571057,694.758976,869.9457314,1062.288228,1350.635939,1834.479257,227.6846121,25.3,1.4925,31.8
"33","LCOR-292",59.931951475187,87.4158230691287,0.645171908586624,1.45858462668816,11.53042774,11.16505662,4.611649004,1.192855236,-0.643275224,-2.394382528,10.12594952,11.12480794,14.21446678,16.06680751,18.20699775,18.20579772,17.95927612,19.7774629,7.672546471,0.251454602,0.244696705,0.285311258,0.29717105,0.30067692,0.301680855,0.301288981,0.31615376,0.312162599,0.30308355,0.304774247,0.301640333,0.265382086,0.297351359,0.280425157,323.820092,313.54845,167.8142884,91.70715571,53.33381401,19.27693327,331.023126,330.0989978,507.7874261,689.171593,870.1537979,1064.954113,1344.259569,1831.039865,247.1446744,27.545,1.914,20.3
"34","LCOR-212",100.767196568339,120.049465593954,0.594608598705888,1.19135462414635,20.59177759,20.76542349,8.595027464,2.419415868,-0.622926578,-3.418081874,18.02567367,19.14509027,22.48206703,22.74770224,24.22160794,25.7415891,25.51583798,24.83122558,14.73528909,0.373300194,0.425995924,0.432827387,0.443617992,0.429404028,0.394336107,0.43208159,0.430295653,0.445819679,0.450964792,0.457378625,0.40217993,0.447940945,0.454451504,0.42861071,308.9934699,309.3311372,163.2692921,90.02605288,52.80107196,23.50703619,319.1310818,316.2274538,502.1659165,697.8888765,888.3930071,1065.794132,1370.981185,1864.894897,236.6888109,20.975,0.67,28.1
"35","LCOR-010",79.4942012632094,96.9945182258015,0.637841168739835,1.22014583057005,16.92299618,16.22615064,7.054594187,1.876743445,-0.601374723,-3.059089008,14.14869189,14.57512478,17.43342091,19.66238969,20.27173467,20.73044945,20.12998953,20.10966794,11.99619462,0.432477522,0.441585017,0.432309744,0.430248254,0.395552764,0.456030833,0.447043968,0.454045306,0.46317797,0.451559454,0.441579324,0.395106229,0.447953917,0.45409769,0.421189741,334.9885664,329.6423443,169.0591666,91.89481056,52.65365525,19.01724116,335.9955997,337.134052,523.8147009,708.6738186,899.8526646,1085.334783,1391.950661,1883.292324,246.1535666,23.15,0.9925,29
"36","LCOR-557",110.52399593245,139.808343457581,0.982518193738663,1.26495918174211,20.50905939,20.44251534,8.729953999,2.333342084,-0.887077761,-3.74750935,17.80013325,19.7528468,23.87112139,27.19624986,28.12107955,29.08860711,28.8483634,30.16731572,14.75525486,0.32641833,0.367831904,0.373305343,0.375476212,0.391215463,0.412653178,0.384893771,0.411202922,0.411634179,0.401265116,0.347372764,0.394172966,0.381742585,0.366741654,0.339721867,296.9707187,296.9472112,156.7890634,88.56098266,54.02534602,23.59121414,310.6059831,307.9551461,488.979603,666.0198526,840.1446579,1045.958231,1336.38246,1812.359116,221.2942691,24.79,1.2705,27.9
"37","LCOR-197",94.4804828785092,153.984227787086,1.67822410096103,1.62979933099084,24.35559667,24.35427451,10.34796952,3.190386973,-0.545921134,-3.754426919,20.9211558,22.78225925,26.34804082,28.88723307,31.12153912,32.80249659,32.76955831,33.96418525,17.29125952,0.383277238,0.441085292,0.432548286,0.4302496,0.449068744,0.463692878,0.383514193,0.448403679,0.448273239,0.457540103,0.458034574,0.44485988,0.407754231,0.394239195,0.432354902,294.4420589,298.1312821,156.3527955,86.56293991,52.64324781,22.23503986,297.9263259,305.3337147,487.4385732,675.6231672,862.1199181,1049.132417,1331.983651,1810.888173,227.1983622,17.875,0.6225,29
"38","LCOR-232",106.579128224758,129.813215342852,-0.821966537364827,1.21799847216894,22.13497274,21.65387741,9.584243081,3.053086934,-0.512776116,-2.253758165,18.9917945,20.7181894,26.84066135,28.23747892,29.14724927,27.08657482,28.69255889,25.69501027,16.19486304,0.426430256,0.45717874,0.462614333,0.444829823,0.442574826,0.448273042,0.471313471,0.423274783,0.490776981,0.490226786,0.497504798,0.483630543,0.471206234,0.455516133,0.456595081,313.59657,309.5873969,159.904318,86.19318437,51.75528207,15.29196461,321.2140341,306.7499812,491.0326648,681.353145,872.7279304,1073.996634,1357.6209,1854.189651,232.6305043,28.41,1.9985,31.9
"39","LCOR-086",54.283026139845,99.6267071852835,0.877932502430648,1.83531969880646,14.77276992,15.34970564,6.369649261,1.54004023,-0.088121518,-2.362959,12.72523405,13.68213684,18.68695216,20.70257019,21.60073342,20.70913513,20.66182022,20.32621195,9.486470651,0.271377255,0.259596936,0.205427965,0.290703484,0.238868278,0.283879778,0.286375138,0.276297965,0.266550438,0.282861155,0.234885674,0.321353627,0.316918946,0.329998045,0.266009065,311.0584115,294.4471277,146.0818379,89.81381203,51.30742849,23.65034238,316.7596262,309.7512664,470.7140191,661.8753998,829.1236334,1067.08273,1360.996821,1855.472564,236.7913868,16.55,0.4375,26.7
"40","LCOR-511",82.4771943800346,125.02142503897,1.79108257499992,1.51583023620932,19.54013793,19.63981017,8.014719459,2.4256663,-0.585097485,-3.585249399,15.69984327,17.56548741,21.80750273,24.46169869,25.95108499,26.50695862,25.28418812,24.76303866,13.32012769,0.265601788,0.286689642,0.277555294,0.280719885,0.262090084,0.306259989,0.318915602,0.233447934,0.259497214,0.328360966,0.294280965,0.338047502,0.341848659,0.3255917,0.28764433,280.5312814,278.1621442,147.9652922,83.91719322,53.52638519,27.5688225,308.3704959,268.7048553,449.7392294,657.7385603,831.8010362,1043.633351,1345.635351,1831.314199,218.4393652,17,0.5125,29
"41","LCOR-075",72.5269841800218,122.294795988108,1.58046199858919,1.68619717710247,19.54045775,19.98882906,8.315525352,2.278815168,-0.635210509,-3.471351633,16.36842887,18.08152658,21.10677475,23.95204748,26.60014912,25.30620829,24.90101544,25.90618048,14.10491808,0.401913802,0.445665655,0.468890756,0.46799522,0.467640619,0.503222185,0.456577703,0.482081662,0.468622771,0.479614904,0.401648641,0.473411665,0.449118113,0.474239232,0.443422807,317.3864478,315.7689164,166.3556358,91.05552924,52.6225287,19.74570346,329.4602352,327.6512462,511.503528,697.6827825,864.9144917,1084.484336,1375.318393,1863.430921,241.0777238,17.35,0.5565,32.4
"42","LCOR-081",158.105645464749,217.520344525428,1.41822482217576,1.37579112931755,26.9601325,26.69480916,11.00992163,2.750872275,-1.557974703,-4.992796881,24.85430679,26.50182599,34.5105507,41.63095895,44.86222547,45.77091924,43.58133645,42.95641507,18.9961305,0.39668167,0.470443951,0.456820756,0.477146217,0.431136707,0.50028705,0.476332078,0.491160078,0.481617332,0.474708735,0.423005149,0.491677988,0.456799791,0.444581893,0.464821626,286.068586,294.1558479,155.1035811,89.14089532,56.58191714,27.27811459,298.7986602,298.5259647,462.7917763,630.4696057,794.3304082,1011.671622,1302.630367,1789.480245,224.1653866,24.99,1.469,38.4
"43","LCOR-097",137.218528575283,180.08301113385,0.616343174958804,1.31238115583677,25.43441304,25.15697362,10.43477275,2.676585608,-1.120856773,-4.463130495,22.33136333,24.01130071,32.32668379,36.27539254,38.25139396,38.12729074,37.21058397,33.9762374,17.92082342,0.418254257,0.480421825,0.412713979,0.489523543,0.484433776,0.495001707,0.487067744,0.495803176,0.439570256,0.498655323,0.495140002,0.510961151,0.502698237,0.437059197,0.222069976,296.8895135,301.3929817,152.4645182,89.66306124,54.30804893,24.80773744,309.7223795,307.5887123,460.8971596,655.6097289,842.3339323,1041.146419,1335.194258,1820.320921,161.9849882,26.4,1.7525,34
"44","LCOR-561",141.980529135874,176.621480990545,0.633760418143087,1.24398381993294,24.6452377,24.36967572,9.710115917,2.429070482,-1.356515009,-2.740327619,21.63505263,22.89594072,32.15831693,36.48797683,35.57028461,37.53952363,35.0337225,34.07238516,17.04174817,0.303378131,0.299800297,0.322301156,0.334498659,0.342303021,0.368308076,0.345612044,0.377266614,0.377009627,0.385158389,0.374978607,0.38999075,0.386655598,0.363114049,0.321140848,266.0031063,255.7631872,146.6780393,86.66861664,56.40313562,37.7131581,283.8529975,288.6878343,441.8292585,618.6528734,816.6819342,1005.696314,1311.935839,1792.359502,205.736301,25.3033333333333,1.532,34.5
"45","LCOR-615",150.229583829955,206.60272185889,0.653228537951764,1.3752465832079,27.39348059,27.14498953,11.18597611,3.160451006,-1.136888489,-4.53740291,24.08788779,26.2496739,35.94343443,41.04104984,42.72919737,43.17042267,43.48334526,39.75756994,18.88050181,0.475229456,0.502143885,0.481843095,0.483521856,0.498168441,0.483189265,0.423726656,0.507993617,0.479960369,0.489005109,0.500685496,0.433254649,0.499238157,0.508375146,0.480277363,300.2743011,298.1251863,156.009647,87.23722034,54.2389791,25.94275047,291.5643358,301.7710621,458.219822,637.5895935,829.7068728,1001.373653,1310.335927,1817.569911,226.8904051,28.05,2.0775,36
"46","LCOR-501",75.0911479114957,86.7354276531389,0.801834385799794,1.15506860749242,13.52844287,13.64778952,5.860238631,1.725730374,-0.52547089,-2.719457894,13.52939389,12.96359251,16.33895762,17.05985675,17.50610297,17.46189825,18.05821739,18.26996529,9.824128493,0.129774608,0.176526664,0.182178082,0.193717532,0.210209349,0.212740029,0.221814369,0.242755563,0.23666611,0.262845159,0.260647937,0.261207409,0.257617053,0.248013284,0.18924357,217.7398329,250.4675594,136.6428474,81.33999118,53.45188886,27.23065014,276.4402472,288.6371765,455.0168928,655.9626629,846.0003093,1042.366655,1329.042631,1812.414511,197.7568983,21.255,1.254,26.6
"47","LCOR-286",106.124565914578,122.209563878069,1.02732307572901,1.15156714964977,18.39047199,18.39148512,7.498976195,1.864638642,-1.323805233,-3.486724188,16.67619805,17.39323131,22.74900628,25.13904838,25.13621867,24.73643374,24.29007046,23.42913098,13.61374065,0.367971016,0.375039121,0.377411228,0.376165803,0.392807238,0.407115068,0.392208818,0.407051773,0.41315511,0.423412545,0.421360337,0.428269462,0.418581789,0.425060616,0.370797302,316.4668844,308.2272467,163.4683129,90.20855249,55.52286401,28.8059531,318.0633992,318.3640451,491.271724,678.3982018,872.3214633,1071.012181,1365.911564,1856.551728,232.4868383,26.51,1.77416666666667,29.8
"48","LCOR-614",132.891241269705,162.381239059085,0.911656854776753,1.22191077085005,23.61639645,23.02380057,9.43098358,2.38523934,-1.267420584,-4.36044107,21.91904683,22.34810656,29.43718717,32.53983536,33.97349566,33.55444612,31.68986064,32.15497461,16.51337296,0.395687942,0.350449808,0.38833333,0.409277091,0.383708222,0.393039311,0.397232933,0.435114764,0.416068317,0.418753042,0.420075309,0.418747753,0.420462738,0.413240213,0.378030433,297.8003605,280.8170805,155.8367683,89.2335261,55.45183596,25.941898,295.9915917,303.3695058,465.3430246,648.6124568,838.5271777,1035.290036,1336.583232,1819.85644,220.5999819,28.05,2.0775,30.8
"49","LCOR-495",152.419057174393,182.644196248139,1.09826293386824,1.19830288701474,27.0285186,27.41456775,10.55315116,2.440337468,-1.555121539,-3.554079123,24.65902937,25.77035282,34.04429454,36.65907563,38.32432063,35.95347212,36.55573281,35.1944372,18.70257576,0.440278101,0.435619227,0.448483695,0.455668654,0.483141981,0.472968773,0.46555542,0.48096567,0.492361267,0.484780897,0.503248841,0.46989966,0.48524184,0.487765312,0.428276732,296.784494,283.7406463,156.3937601,89.57028684,55.31183801,34.26550611,298.8041364,299.2701115,465.2308613,650.7832406,843.6451156,1037.416291,1333.977403,1828.765992,220.5846004,22.675,0.6775,32.4
"50","LCOR-156",188.957945151254,244.743357028732,0.396001325853554,1.29522660099221,33.98432194,33.11560784,13.76546072,3.801487639,-1.163775322,-5.553402009,31.02379929,32.59533338,43.96948385,49.66019117,50.89042869,49.4315163,52.6864045,45.7601275,23.81692119,0.571564424,0.593587778,0.587560639,0.609651996,0.606393974,0.620670158,0.595658544,0.621413269,0.602279046,0.632272308,0.628680297,0.626436582,0.623518872,0.603909628,0.577102293,297.4298459,293.988398,156.023731,87.87361098,53.21168587,24.99804322,299.166852,298.8811185,457.4899182,641.9574135,833.7959301,1033.935678,1313.409746,1816.394749,222.7620521,25.85,1.2325,38.6
"51","LCOR-031",186.121196782175,253.539142360473,1.22866878967196,1.36222604810133,34.13847438,31.54701925,12.25684196,2.276044116,-1.967487765,-5.445512472,24.15412914,27.07773476,39.66194003,46.5907532,49.84467418,51.65461255,51.44290332,51.40269262,22.44848955,0.505056392,0.703906699,0.545583016,0.532007098,0.540106086,0.549991845,0.51673686,0.529217245,0.517283055,0.515401612,0.515790351,0.511806202,0.51891984,0.526904108,0.534500249,285.2418879,313.0207555,156.6090908,91.93525799,56.69081513,27.13988483,307.4612921,302.3876912,454.1352487,625.5200862,809.1219563,997.9836316,1293.688048,1783.686492,221.8314413,27.1166666666667,1.55516666666667,41.4
"52","LCOR-390",207.630495173539,262.921069182012,1.75677388405393,1.26629312790619,31.37161293,31.34188428,12.55786173,3.124772278,-1.918341057,-5.648719736,30.00395412,30.68272141,42.71241064,46.80505086,50.68690679,52.72463229,52.44004375,53.45916238,21.97442759,0.403295136,0.422231809,0.425726333,0.435618429,0.435422937,0.456898635,0.4438958,0.43324911,0.42245408,0.422629655,0.41738438,0.403147064,0.408466975,0.411306361,0.423212022,269.3853998,265.1634971,146.0192472,86.86727326,58.03524305,31.99280992,275.7630346,270.7901303,414.8255127,592.705478,769.6622171,949.9991538,1246.762092,1732.252383,206.1615919,22.675,0.6775,39.7
"53","LCOR-202",85.3271499162817,106.804712642014,0.902440700681325,1.25170842746775,14.61890932,14.31525758,5.57674883,1.040371475,-0.879971162,-3.539688777,12.75546938,13.88614166,18.75393611,21.22166424,21.56338097,21.12267036,21.4846999,21.62096392,10.25416561,0.342251711,0.344951237,0.334590317,0.374250446,0.365940402,0.429399499,0.380742419,0.387716947,0.396329457,0.404000818,0.417337593,0.41226909,0.411577798,0.40548354,0.372328161,328.2786681,321.2382979,169.2462249,93.81543153,52.95425872,25.23122656,333.2574408,329.859136,505.1129074,690.3974515,886.8068839,1083.701044,1374.276889,1859.002357,247.2379359,28.0666666666667,1.79716666666667,24
"54","LCOR-029",160.191636625282,191.26968673164,1.24620825077321,1.19400544723228,24.64586082,24.74007113,10.15596278,2.428366589,-1.595846255,-4.875613538,23.15154424,24.15433836,33.45813422,36.69005156,38.13671941,37.09158251,37.57208811,39.54146763,17.47760627,0.413740347,0.395405516,0.415382729,0.417328584,0.425753677,0.423999683,0.415757401,0.420743749,0.421658921,0.434173344,0.432691957,0.436596134,0.439470112,0.443595252,0.405129955,300.1282433,285.5668261,154.7831927,89.28673503,56.84944311,28.89044003,293.3203405,294.0006838,451.1812187,637.8719265,826.1521361,1026.977139,1318.821606,1795.236975,220.9893248,25.85,1.2325,34.2
"55","LCOR-342",212.273615396664,245.310570175415,0.908340308295338,1.15563382532029,30.00419405,29.40040543,11.68046165,2.45967606,-2.316826903,-5.738070521,27.8046379,29.37329022,41.93733239,48.25546346,50.07115095,48.4883366,49.84941653,44.33679651,20.66466915,0.444429594,0.447032067,0.461773776,0.487624071,0.489498815,0.505284545,0.484529089,0.509283433,0.506199054,0.503944722,0.502810498,0.516477303,0.513107791,0.504355025,0.464332106,285.643974,279.015452,153.7686346,90.15376834,57.9253908,29.78612683,291.1305005,291.4648106,442.556113,615.1680804,803.9594051,1009.353849,1294.28593,1800.136728,218.6936388,29.4116666666667,2.11883333333333,35.6
"56","LCOR-419",120.373592761677,144.460630014881,0.772436619603259,1.20010233723681,23.19783517,23.02627976,9.084738179,2.33667077,-1.224456064,-4.172770251,19.73524471,20.50427409,27.42435155,29.72402029,30.15874269,30.10827797,28.51222789,28.36818845,16.23149988,0.456451997,0.458364855,0.484148158,0.513628576,0.502700837,0.48917207,0.479768322,0.504961922,0.488252972,0.500870436,0.513274967,0.489421885,0.472148862,0.494959154,0.467671008,314.3309916,305.5977045,164.8044966,90.53173982,53.60140485,21.51317954,319.7236353,321.0908685,488.2928558,677.5161696,874.3602388,1064.164494,1358.618779,1851.581869,234.9746462,23.425,1.0835,29.7
"57","LCOR-463",138.346362231407,163.00982244805,0.75758659658941,1.17827328322077,25.73257335,25.42344719,10.18461245,2.530799591,-1.258794972,-4.965542705,23.15730079,24.60640549,31.98472457,32.95477375,32.46203489,33.07849678,32.60137369,31.8790138,17.91445541,0.472203944,0.476461327,0.478140482,0.473979107,0.474814048,0.473622581,0.480647408,0.486202131,0.488370168,0.489196024,0.493037382,0.497251061,0.493213143,0.489582844,0.467321254,307.8204748,299.6842617,160.4064572,90.03538629,54.1023547,22.60647934,307.6016009,304.2618847,472.6966191,664.0469873,862.8754271,1057.7724,1351.063412,1844.511201,228.8514313,21.805,0.839166666666667,38.3
"58","LCOR-460",190.624008622896,213.052057186698,1.27962812016574,1.11765594861752,24.96085508,24.27282173,9.957102876,2.049773577,-2.105667101,-5.461802125,24.27037347,25.07120863,32.09170436,41.09551462,42.32438626,44.25273462,41.22676252,40.58582881,17.56576783,0.379039361,0.526317918,0.397424413,0.400087791,0.405908386,0.41560066,0.394495864,0.398814731,0.388606827,0.380888885,0.392338266,0.37830613,0.369708098,0.348843048,0.397592153,289.1286371,312.1469007,153.7238827,90.43821391,59.29731584,32.1385013,283.9155683,284.8701054,446.2939796,598.7462541,793.7527891,973.4423476,1276.541677,1756.543964,219.0799067,28.5216666666667,1.90783333333333,40.2
"59","LCOR-577",207.95917049261,305.156408356738,1.32703544367842,1.46738615870552,34.56414959,34.12747441,14.06436933,3.762109054,-1.723888914,-4.96989411,30.40084922,33.02613555,46.25467195,54.01993433,59.59789429,62.52016234,63.04740031,64.22074337,24.27998108,0.422765292,0.474956011,0.500543649,0.519489185,0.452786695,0.527479506,0.493720826,0.487811356,0.505973204,0.488446945,0.497064543,0.48112154,0.425564952,0.489173587,0.495947682,262.7388714,268.5004769,148.2575681,86.60369831,57.17187193,26.41283089,282.5569929,274.7384861,430.0918986,591.7100331,770.1195116,949.063306,1212.858842,1727.114905,210.2544724,21.97,0.863333333333333,43.8
"60","LCOR-012",195.999595023541,243.362365674688,0.783019802599734,1.24164728832965,33.61710064,33.76974413,14.08393534,3.721245362,-1.709034675,-5.720432127,31.81756974,33.13132264,43.58250446,48.92212949,51.27246178,50.42851376,48.18460768,46.87376571,24.35143419,0.56155904,0.573055077,0.594303312,0.586496912,0.591046678,0.604485773,0.591804544,0.624168655,0.586305864,0.609928253,0.599565363,0.621358586,0.613477359,0.600442018,0.542007723,296.8430455,288.7062885,155.707914,87.6199321,55.0769726,25.33470725,296.3730859,297.8420359,454.9102616,640.1198608,825.9436105,1029.491942,1327.489859,1815.982636,216.1043827,25.375,1.415,39.5
"61","LCOR-611",173.222682993445,215.076660496257,1.03309273528805,1.24161949682072,30.58394763,29.80974432,12.65366396,3.519117425,-1.243453699,-5.18150565,26.64963222,29.35741239,36.70242833,41.19532009,42.80384395,43.29092538,42.32497524,45.54008226,21.61885717,0.466143578,0.436210199,0.497299948,0.523508053,0.550751585,0.540854072,0.515481949,0.52428899,0.54838219,0.51863099,0.463291422,0.521288274,0.510286239,0.091706262,0.513274263,290.728271,275.2594314,152.7028671,87.52475734,54.24279705,26.14794833,298.8623213,294.6798906,470.7667613,644.1672102,817.6288371,1028.84287,1320.855955,1165.888178,221.2541655,23.275,1.058,37.1
"62","LCOR-573",198.589891380944,269.374749333937,0.0403379707390848,1.35643736678022,36.68869051,36.08279709,15.38214789,3.808991585,-1.426358286,-5.680415588,32.80793515,35.3996934,48.31497043,54.13898879,55.54336964,54.72191445,54.99838239,57.1944534,25.99288197,0.690945308,0.740274764,0.756776179,0.525197032,0.752704332,0.734424253,0.704796147,0.743461392,0.52599838,0.677339348,0.716727192,0.711524281,0.684119676,0.685553495,0.52417077,307.0464465,304.6737389,160.2710662,87.00721877,52.34646437,22.38955686,307.4069173,306.0722212,429.0883173,640.0338931,838.6754872,1035.954295,1317.705729,1799.439096,210.7933536,26.9883333333333,1.71933333333333,43.5
"63","LCOR-148",165.049858323215,217.382227000853,2.93918315409973,1.31707006118815,24.67810417,24.82986354,9.850956346,1.91299165,-2.302734241,-5.965359699,24.65139984,24.59766693,33.89909671,39.00436591,41.82804329,42.67304505,42.47546244,42.7687715,17.62554749,0.383025933,0.410261564,0.41581206,0.423638548,0.430114543,0.436251755,0.375982107,0.377582976,0.384638208,0.393765541,0.389352764,0.392871483,0.378165294,0.354951743,0.399729913,292.4654636,288.6742748,156.2567603,91.25612462,59.38337607,33.51545122,276.3165965,281.1663842,437.345832,613.8600955,793.7240335,987.882551,1274.211243,1750.5485,219.2242855,22.46,0.831,32.5
"64","LCOR-450",161.784266720197,218.204156436454,1.6064929205452,1.34873533044987,28.31594054,27.8720318,11.53613165,2.85164484,-1.291203196,-5.25517516,24.80615292,29.62437877,34.83868581,40.58319649,44.60110156,42.68815946,45.27751605,46.31499475,20.09513678,0.475761774,0.539209187,0.571663418,0.569909299,0.492977831,0.590964053,0.56851374,0.064208701,0.50350494,0.5802991,0.572340803,0.553510924,0.088462741,0.692433465,0.556748861,298.5482032,301.8269069,160.7264284,90.44927597,54.84863811,25.09267463,312.2661614,-344.855605,466.9317721,659.8614984,838.1547475,1038.187624,650.2553047,1861.618183,230.545898,25.375,1.415,37.1
"65","LCOR-469",153.914296675578,227.014704876333,0.99175835028001,1.4749422878814,28.32685498,28.00068341,11.54710676,2.914450653,-1.100659288,-4.773074721,25.86299397,27.66764331,38.33252869,44.83237223,46.04652973,47.09879859,41.02382668,44.38086386,19.84136798,0.469188829,0.561066375,0.53849531,0.548179818,0.550590522,0.491699676,0.552828241,0.571848204,0.53649173,0.552417754,0.481335604,0.565090091,0.570972448,0.558722792,0.54415665,297.2762151,304.5181204,158.5938959,89.93240054,53.44657056,25.98585039,306.6696354,307.1320604,463.2535342,641.1204479,811.6917852,1025.987637,1342.10115,1815.882803,230.8509473,27.4283333333333,1.80233333333333,40.2
"66","LCOR-516",115.479376651346,165.446924970072,0.855818963237031,1.43269672704926,24.09768282,23.80739663,9.649671758,2.573462595,-1.227776379,-4.034855468,20.55546389,21.93169556,29.1035205,32.69731999,34.58706713,34.67504158,34.28832673,33.18348883,16.77669199,0.515104831,0.507857622,0.515347227,0.524339075,0.4978418,0.52441677,0.505979044,0.521346566,0.507295341,0.500856444,0.514717489,0.516182443,0.504681981,0.510036308,0.507430343,320.4035197,310.9113719,164.9005314,90.36015371,53.9653129,18.86407657,320.0081287,317.9139054,485.7123467,667.2533559,859.9635686,1053.671195,1344.274174,1839.7168,238.1016719,21.74,0.712333333333333,31.15
"67","LCOR-411",78.0224913653017,100.50241979258,0.721960768819043,1.2881211306369,14.42503789,14.11613174,5.740577394,1.359654196,-0.932637292,-3.126970109,12.92855678,13.32576175,17.67378705,19.44134967,20.47039932,20.84732952,20.6311009,20.63491747,10.09508226,0.327883313,0.321792087,0.300369231,0.300027777,0.310425859,0.319355864,0.336691507,0.34929205,0.356008464,0.354204909,0.348801913,0.337850522,0.341085973,0.339007372,0.30991407,327.0612584,317.5106346,164.2939305,91.00605183,54.56864128,21.4558597,325.1562573,325.987418,501.6355725,688.6803153,876.0580815,1065.601904,1361.642724,1848.099663,239.9523559,24.0083333333333,1.08833333333333,22.8
"68","LCOR-209",178.654600992826,237.923295158877,0.686395807469323,1.33175016952645,29.72822294,29.27078654,11.95595128,3.014142272,-1.530266921,-5.269154642,27.88218446,28.99021717,41.11534782,47.10229435,49.14092722,49.65331489,46.38307555,45.46397563,20.88314487,0.461401032,0.477785056,0.476030932,0.479272657,0.484524004,0.485132866,0.473646131,0.489316627,0.462699669,0.459319265,0.466994765,0.475355059,0.479579084,0.476332693,0.473286326,290.7185793,286.4754797,153.6835801,88.08426383,55.20587796,26.8208113,288.6231671,289.1103485,432.4972082,604.9056953,795.6876706,992.1611719,1299.175263,1783.70019,218.9269919,26.025,1.425,36.5
"69","LCOR-092",185.26474378724,222.325043655802,0.649465014951909,1.20003967895329,32.24802424,31.83752788,13.34859617,3.62917046,-1.264718308,-5.446898536,28.62551495,31.7279025,40.63431615,45.04251021,44.94683805,47.38051085,35.66492911,40.38721987,22.72072696,0.577865051,0.550084581,0.541293142,0.58143193,0.582674334,0.613880796,0.558962851,0.546039088,0.562057463,0.574966356,0.555001787,0.556252665,0.582376137,0.602547815,0.553949525,303.2774907,291.3666758,153.5422312,88.14603301,54.29486809,25.31460377,299.3783258,290.2388119,460.8051903,645.8128468,836.8191153,1023.413946,1363.654801,1840.168803,223.3024223,23,0.92,37.4
"70","LCOR-322",160.896936244435,221.442381887418,1.14377773976236,1.37629955582872,29.30672264,28.29094401,12.08430263,3.047002809,-1.38485823,-5.002183691,25.82912505,27.90424075,36.77262421,41.54947278,43.39385761,44.58874496,46.5848933,30.75907898,20.11432327,0.527935892,0.582931559,0.506268156,0.566201454,0.560581318,0.566559468,0.543285347,0.580116021,0.57717442,0.539662322,0.578455687,0.536180229,0.562194319,0.580819711,0.517421608,305.2664103,307.0823425,154.8772279,90.01055393,54.73333777,25.29295422,305.9665088,307.6062403,475.6276528,648.0866968,845.6209307,1027.244442,1317.622128,1864.53232,227.0449706,26.025,1.425,36
