,obs,time..2,elapsed,date,hhmmss..5,averaging,spad1,spad2,operator,temp,event,block,leaf,tree,TIME..15,E,Emm,A,Ca,Ci,Pci,Pca,gsw,gbw,gtw,gtc,Rabs,TleafEB,TleafCnd,SVPleaf,RHcham,VPcham,SVPcham,VPDleaf,LatHFlux,SenHFlux,NetTherm,EBSum,Leak,LeakPct,CorrFact,CorrFactPct,Fan,DarkAdaptedID,Qmax_d,Fo..46,Fm,Fv/Fm,A_dark,LightAdaptedID,Qmax,Fs,Fm',PhiPS2,PS2/1,Qabs_fs,A_fs,ETR,PhiCO2,NPQ,alt. Fo',DarkPulseID,Fmin,Fo',Fv'/Fm',qP,qN,qP_Fo,qN_Fo,qL,1-qL,ID..72,P1_dur,P2_dur,P3_dur,P1_Qmax,P1_Fmax,P2_dQdt,P3_ΔF,ID..80,Duration,Fo..82,F1,F2,Fmax,T@HIR,T@F1,T@F2,T@Fmax,Qin,Qabs,alpha,convert,S,K,Geometry,Custom,TIME..98,CO2_s,CO2_r,H2O_s,H2O_r,CO2_a,H2O_a,Flow,Pa,ΔPcham,Tair,Tleaf,Tleaf2,Offset,Offset2,Fan_speed,Qamb_in,Qamb_out,ΔCO2,CO2_s_d,CO2_r_d,ΔH2O,CO2_b,H2O_b,e_s,e_r,Td_s,Td_r,Q,f_red,f_blue,f_farred,F,Q_modavg,F_dc,Pc,Tled,TDigital,TPreamp,TPwrSpy,TDrive,Q_red,Q_blue,Q_farred,TSPF,state,F_avg,dF/dt,dF_dc/dt,F_dc_avg,period,time..149,hhmmss..150,co2_t,h2o_t,count,co2_adj,h2o_adj,co2_match,h2o_match,co2_at,h2o_at,co2_cv,h2o_cv,ΔCO2:MN,ΔCO2:SLP,ΔCO2:SD,ΔCO2:OK,CO2_s:MN,CO2_s:SLP,CO2_s:SD,CO2_s:OK,ΔH2O:MN,ΔH2O:SLP,ΔH2O:SD,ΔH2O:OK,H2O_s:MN,H2O_s:SLP,H2O_s:SD,H2O_s:OK,Stable,Total,State,Vflow,VPchamber,abs_c_a,abs_c_b,abs_h_a,abs_h_b,Wc_s,Wc_r,Wco_s,Wco_r,Ww_s,Ww_r,Wwo_s,Wwo_r,Flow_s_v,Flow_r_v,Tleaf_mv,Tleaf2_mv,Tleaf_j,Tleaf2_j,Console_RH,Console_T,Console_H2O,Fan_%,Flow_%,Pump,Tchp_pwm,Txchg_pwm,diag_20v,diag_5_4v,diag_12v,diag_5va,diag_3_3vf,AccCO2_soda,AccH2O_des,AccH2O_hum,CO2_hrs,ADC_CH1,ADC_CH2,ADC_CH3,ADC_CH4,ADC_CH5,ADC_CH6,ADC_CH7,ADC_CH8,DAC_1,DAC_2,DAC_3,DAC_4,GPIO,GPIO_dir,excit_5v,power_12v,power_5v,ch1_pullup,AuxPower,MatchValveR,MatchValveS,MatchCO2,MatchH2O,cf_co2_a,cf_co2_b,cf_co2_c,cf_co2_d,cf_h2o_a,cf_h2o_b,cf_h2o_c,cf_h2o_d,co2_fit_low,co2_fit_high,h2o_fit_low,h2o_fit_high,co2_elapsed,h2o_elapsed,CO2_f,CO2_f_s,Pump_f,Pump_f_s,Pump_p,Pump_p_s,Tboard,V_system,DIAG,Flow_s,Flow_r,Txchg,Tirga,Tchopper,Ts,Tr,CO2_%,Desiccant_%,Humidifier_%,Txchg_sp,CO2_r_sp,H2O_r_sp,SS_s,SS_r,Oxygen
1,1,1686882264,0,6/15/23 21:24,21:24:24,15,NA,NA,NA,NA,NA,NA,NA,lcor-288,1686882256,0.001522222,1.522222185,-1.626935958,411.7694534,427.7406931,43.50002745,41.87579722,0.100574328,2.957837641,0.098712391,0.061859661,0.007978899,21.31225385,20.64223871,2.441582433,34.49690418,0.899090179,2.606292362,1.542492255,-67.12999834,169.6222756,11.66902185,114.169278,0,0,1,0,54610,MPF-1237-20230615-21_24_23,12474.3,635.1053846,3103.29,0.795344494,-1.626935958,-,-,0,0,0,0.5,0,0,0,0,0,0,-,0,0,0,0,0,0,0,0,1,1237,300,300,300,12474.3,2977.02,-0.0103277,-33.75,-,-,-,-,-,-,-,-,-,-,0.0499931,0.041994204,0.84,0.1596,6,0.5,0: Broadleaf,2,1686882256,411.7694516,410.7695806,8.840855484,7.332483871,411.1414516,8.632855484,600.1562581,101.5972903,0.099901823,21.70594839,20.64223871,999.9,0,0,10002.38355,0,0.282662,-0.74223871,413.6847742,413.8037742,1.508371935,410.7695806,7.332483871,0.898206613,0.744960097,5.362040645,2.699634516,0.0499931,0,0,0,634.9345161,0.0499931,-6.537741935,-2.471612903,33.74187097,37.74593548,36.038,40.435,36.437,0,0,0,1686882265,0,635.1053846,8.031453074,-7.574017255,-6.861538462,15,1686882283,21:24:43,1686882283,1686864967,1,1.742,-0.025,0.628,0.208,411,20,0.33,0.03,-0.757348024,0.322770564,0.043235953,1,410.0225161,0.368225806,0.04331272,1,1.507147561,0.021081324,0.002146392,1,8.840677742,0.010880323,0.000900325,1,4,4,4-Apr,3.18612,2.79718,0.105478,0.105915,0.0583331,0.0518666,28436.4,22505,29674.5,24629.1,35559.4,34098.2,40911,40173.7,2.2517,2.00252,0.0825301,0,19.2754,999.9,27.1,24.3,8.13343,62.6491,32.3277,1,-0.508641,0,20.291,5.22867,11.8967,4.96545,3.292,9999,9999,9999,999.9,4.97016,1.8744,1.87315,1.87211,1.87384,1.8688,1.87302,1.87806,0,0,0,0,11111111,oooooooo,on,on,on,on,0,100,100,0.628,0.208,-1.114,0,0,0,0.208,0,0,0,-1,-1,-1,-1,269.7,288.3,1.05591,2.37061,1.42578,2.28271,1.54785,2.32544,26.3341,16.1722,18,613.301,443.089,21.0827,20.5731,30.0012,20.4981,20.4753,21.1606,-30,-30,-999.9,410.786,0,96.6572,102.218,21
2,2,1686882477,213,6/15/23 21:27,21:27:57,15,NA,NA,NA,NA,NA,NA,NA,lcor-288,1686882469,0.001280897,1.280897327,-1.350913512,409.9562918,425.5043562,43.27916411,41.6977297,0.085103701,2.95768435,0.083766351,0.052472374,0.007978899,20.80117321,20.30452903,2.391233121,34.20750223,0.860777522,2.516341346,1.530455599,-56.48757214,132.0377326,9.041749436,84.5998888,0,0,1,0,54901,MPF-1238-20230615-21_27_56,12492.4,629.5864,3302.59,0.809365861,-1.350913512,-,-,0,0,0,0.5,0,0,0,0,0,0,-,0,0,0,0,0,0,0,0,1,1238,300,300,300,12492.4,3226.47,-0.0103428,-29.02,-,-,-,-,-,-,-,-,-,-,0.0499931,0.041994204,0.84,0.1596,6,0.5,0: Broadleaf,2,1686882469,409.9562903,409.1306774,8.46283871,7.193071613,409.3962903,8.25483871,600.137129,101.6126774,0.099945439,21.1325871,20.30452903,999.9,0,0,9999.999355,0,0.282662,0.893261323,413.5235161,412.0949032,1.269767419,409.1306774,7.193071613,0.859931323,0.730906935,4.737081613,2.431810645,0.0499931,0,0,0,629.5696774,0.0499931,-5.996129032,-2.150645161,33.929,37.875,36.183,40.437,36.5,0,0,0,212.4000001,0,629.5864,-3.280769261,0.012307754,-5.9896,15,1686882493,21:28:13,1686882493,1686864967,2,-0.068,-0.025,0.56,0.208,409,20,0.31,0.03,0.889050707,0.094186328,0.034574678,1,410.0198065,0.479080645,0.043243809,1,1.267376829,0.039672544,0.00394778,1,8.462580968,0.015060484,0.001267001,1,4,4,4-Apr,3.18553,2.79703,0.105107,0.10555,0.0563053,0.0510615,28438.6,22510.2,29665.9,24625.8,35627.9,34123.2,40900.5,40169.1,2.24902,2.00077,0.111178,0,18.4623,999.9,26.9,24.2,8.02441,62.2292,33.1971,1,-0.494944,0,20.2909,5.22717,11.8972,4.96435,3.292,9999,9999,9999,999.9,4.97017,1.87439,1.87316,1.87219,1.87381,1.86883,1.87302,1.87805,0,0,0,0,11111111,oooooooo,on,on,on,on,0,100,100,0.56,0.208,0.62765,0,0,0,0.208,0,0,0,-1,-1,-1,-1,3.2,291.8,1.05225,2.36816,1.42578,2.28149,1.54785,2.40112,26.3547,16.1722,18,613.924,443.738,20.6602,20.8265,30.0001,20.7099,20.6607,21.0936,-30,-30,-999.9,408.922,0,96.631,102.206,21
3,3,1686882690,426,6/15/23 21:31,21:31:30,15,NA,NA,NA,NA,NA,NA,NA,lcor-108,1686882682,0.001299753,1.29975345,-1.37376269,409.866808,425.3769595,43.26581281,41.68824896,0.086916617,2.958756415,0.085522683,0.053575054,0.007978899,20.65673507,20.20493871,2.376559907,34.28375983,0.855328381,2.494849997,1.521231526,-57.31912717,125.6968601,8.593907303,76.97961912,0,0,1,0,54753,MPF-1239-20230615-21_31_29,12508.5,648.9808,3571.38,0.818282905,-1.37376269,-,-,0,0,0,0.5,0,0,0,0,0,0,-,0,0,0,0,0,0,0,0,1,1239,300,300,300,12508.5,3485.67,-0.0103565,-29.65,-,-,-,-,-,-,-,-,-,-,0.0499931,0.041994204,0.84,0.1596,6,0.5,0: Broadleaf,2,1686882682,409.8668065,409.0259677,8.40934129,7.120821613,409.3388065,8.20134129,600.1414194,101.6117419,0.099955997,20.99294516,20.20493871,999.9,0,0,10006.17387,0,0.282662,0.872869677,413.3750645,411.9594839,1.288519355,409.0259677,7.120821613,0.854488161,0.723559419,4.646216129,2.289966129,0.0499931,0,0,0,648.7951613,0.0499931,-6.332580645,-2.051290323,34.062,38.016,36.37093548,40.629,36.58841935,0,0,0,212.4000001,0,648.9808,5.046153995,0.418461411,-6.5464,15,1686882707,21:31:47,1686882707,1686864967,3,-0.032,-0.025,0.528,0.208,409,20,0.48,0.03,0.876429854,0.006579366,0.032860945,1,409.8967097,0.105483871,0.026078286,1,1.288999268,-0.006938258,0.001473104,1,8.409383226,-0.005792419,0.001027513,1,4,4,4-Apr,3.18601,2.79701,0.105116,0.10559,0.0560353,0.0506814,28450.9,22518.3,29678.1,24635,35653.5,34150.8,40917.6,40185,2.25265,2.00338,0.0832677,0,18.9119,999.9,26.7,24,7.86957,62.3791,32.5761,1,-0.508735,0,20.2911,5.22867,11.8961,4.9644,3.292,9999,9999,9999,999.9,4.97017,1.87444,1.87314,1.87215,1.87383,1.86884,1.87302,1.87806,0,0,0,0,11111111,oooooooo,on,on,on,on,0,100,100,0.528,0.208,0.56,0,0,0,0.208,0,0,0,-1,-1,-1,-1,3.3,295.4,1.05225,2.38647,1.42578,2.28271,1.54785,2.28271,26.3547,16.1459,18,615.183,444.215,20.3892,20.6609,29.9994,20.6004,20.5476,21.0957,-30,-30,-999.9,409.074,0,96.6712,102.246,21
4,4,1686883060,795.5,6/15/23 21:37,21:37:39,15,NA,NA,NA,NA,NA,NA,NA,lcor-083,1686883052,0.001157848,1.157847607,-1.472906928,409.6705349,430.3254156,43.76466287,41.66403423,0.07737701,2.956797091,0.076269445,0.047766593,0.007978899,20.48369525,20.03299667,2.351412306,33.76679393,0.831644036,2.462904941,1.51976827,-51.06107947,119.6226158,8.168089146,76.7376044,34,6,1,0,54770,MPF-1240-20230615-21_37_39,12465.7,586.4688,3065.81,0.808706737,-1.472906928,-,-,0,0,0,0.5,0,0,0,0,0,0,-,0,0,0,0,0,0,0,0,1,1240,300,300,300,12465.7,2990.59,-0.0103201,-18.74,-,-,-,-,-,-,-,-,-,-,0.0499931,0.041994204,0.84,0.1596,6,0.5,0: Broadleaf,2,1686883052,409.6705333,408.6722,8.177318,7.029211667,409.1555333,7.969318333,600.1427667,101.6013,0.100020153,20.78342,20.03299667,999.9,0,0,9996.086667,0,0.282662,1.0110015,413.0609667,411.5651667,1.148106333,408.6722,7.029211667,0.830826167,0.714177033,4.245180667,2.106974333,0.0499931,0,0,0,586.2646667,0.0499931,-6.796,-2.022,34,38,36.2872,40.5704,36.50826667,0,0,0,368.8,0,586.4688,-2.291538363,-1.080000165,-7.2176,15,1686883077,21:37:56,1686883077,1686864967,4,-0.012,-0.025,0.515,0.208,409,20,0.48,0.03,0.99373925,0.435138979,0.04747649,1,409.6833333,1.240311457,0.092258453,1,1.14994675,-0.04389197,0.004257477,1,8.177318,-0.028427853,0.0021266,1,4,4,4-Apr,3.18636,2.79686,0.105243,0.105648,0.0548398,0.0502505,28471.2,22535.8,29700.2,24653.2,35726.1,34192.5,40947,40214.5,2.1933,2.01165,0.0698194,0,18.9149,999.9,26.6,23.8,7.74685,62.4392,33.4495,1,-0.547525,0,20.2907,5.22747,11.8961,4.96505,3.292,9999,9999,9999,999.9,4.97014,1.87441,1.87312,1.87214,1.87381,1.86886,1.87302,1.87807,0,0,0,0,11111111,oooooooo,on,on,on,on,0,100,100,0.515,0.208,0.52765,0,0,0,0.208,0,0,0,-1,-1,-1,-1,5.9,301.5,1.05103,2.38159,1.42578,2.28027,1.54785,2.40112,26.2928,16.1371,18,568.565,444.19,19.9449,20.0495,30,20.054,20.0187,21.0656,-30,-30,-999.9,408.746,0,96.7418,102.321,21
5,5,1686883294,1029.5,6/15/23 21:41,21:41:33,15,NA,NA,NA,NA,NA,NA,NA,lcor-065,1686883286,0.001134327,1.134326689,-1.422086041,409.9574854,430.7878875,43.81846862,41.69966179,0.073462014,2.958158229,0.072463365,0.045378197,0.007978899,20.73892311,20.37785161,2.402086827,33.3946027,0.835166752,2.500903392,1.566920076,-50.02380698,104.3849527,7.145996314,61.51512094,0,0,1,0,54772,MPF-1241-20230615-21_41_33,12492.8,583.4632,3482.73,0.832469586,-1.422086041,-,-,0,0,0,0.5,0,0,0,0,0,0,-,0,0,0,0,0,0,0,0,1,1241,300,300,300,12492.8,3407.29,-0.0103433,-24.01,-,-,-,-,-,-,-,-,-,-,0.0499931,0.041994204,0.84,0.1596,6,0.5,0: Broadleaf,2,1686883286,409.9574839,409.0006452,8.210686774,7.085934194,409.5084839,8.002686774,600.1389677,101.6170968,0.099942845,21.03238387,20.37785161,999.9,0,0,10002.25258,0,0.282662,1.023267645,413.4182903,411.9194516,1.124751613,409.0006452,7.085934194,0.834346258,0.720052194,4.305475484,2.221809355,0.0499931,0,0,0,583.483871,0.0499931,-6.01,-1.725806452,34.25,38.379,36.562,40.94512903,36.804,0,0,0,233.2,0,583.4632,-6.856923138,5.379999966,-5.996,15,1686883312,21:41:51,1686883312,1686864967,5,-0.066,-0.025,0.449,0.208,409,20,0.4,0.03,1.011561268,0.362022564,0.050092545,1,410.022,0.398467742,0.03896897,1,1.128466585,-0.07697122,0.007619014,1,8.211009677,-0.045864677,0.003455335,1,4,4,4-Apr,3.18674,2.79668,0.105362,0.105774,0.0550501,0.0506218,28477.5,22539.1,29709.8,24659.6,35729.6,34188,40959.9,40224.9,2.26192,2.01603,0.0722706,0,19.1645,999.9,26.8,23.7,7.75727,62.2592,32.7764,1,-0.560005,0,20.2905,5.22732,11.8961,4.96495,3.292,9999,9999,9999,999.9,4.97012,1.8744,1.87316,1.87219,1.87381,1.86888,1.87302,1.87808,0,0,0,0,11111111,oooooooo,on,on,on,on,0,100,100,0.449,0.208,0.5154,0,0,0,0.208,0,0,0,-1,-1,-1,-1,3.6,305.4,1.05225,2.3938,1.42578,2.28271,1.54785,2.30347,26.4373,16.1196,18,612.862,444.838,20.0936,19.8829,29.9997,19.8582,19.8151,21.0772,-30,-30,-999.9,408.832,0,96.7726,102.347,21
6,6,1686883577,1313,6/15/23 21:46,21:46:17,15,NA,NA,NA,NA,NA,NA,NA,lcor-546,1686883569,0.000528654,0.52865442,-1.443743057,409.5711349,468.4678169,47.65227321,41.66133706,0.033091154,2.957619347,0.032886837,0.020572525,0.007978899,20.84653285,20.30758667,2.391684873,31.36550581,0.782058752,2.493372039,1.609626121,-23.31365991,107.7438159,7.37278658,91.81092152,0,0,1,0,54939,MPF-1242-20230615-21_46_16,12487.9,592.2042308,3474.31,0.829547671,-1.443743057,-,-,0,0,0,0.5,0,0,0,0,0,0,-,0,0,0,0,0,0,0,0,1,1242,300,300,300,12487.9,3379.57,-0.0103396,-26.58,-,-,-,-,-,-,-,-,-,-,0.0499931,0.041994204,0.84,0.1596,6,0.5,0: Broadleaf,2,1686883569,409.5711333,408.3441667,7.688392,7.163911,409.1921333,7.480391667,600.1246,101.6195333,0.09988365,20.98330333,20.30758667,999.9,0,0,9998.956,0,0.282662,1.297218333,412.8153,411.2907,0.524480267,408.3441667,7.163911,0.7812909,0.7279935,3.371849333,2.375718,0.0499931,0,0,0,592.3803333,0.0499931,-7.046,-1.590666667,34.5,38.6208,36.812,41.187,36.9832,0,0,0,282.8,0,592.2042308,0.055042819,0.526837638,-6.803461538,15,1686883602,21:46:42,1686883602,1686864967,6,-0.07,-0.025,0.379,0.208,409,20,0.59,0.03,1.303916341,-0.04681338,0.054488523,1,409.6377097,0.930145161,0.073940776,1,0.528915732,-0.090801533,0.009008519,1,7.688653871,-0.057442258,0.004322277,1,4,4,4-Apr,3.18703,2.79675,0.105373,0.105744,0.0522275,0.0510863,28485,22549,29716.6,24668.5,35847.5,34183,40969.9,40238.5,2.2653,2.02067,0.10841,0,18.5599,999.9,27,23.7,7.81551,62.2093,33.766,1,-0.577515,0,20.2906,5.22792,11.8961,4.96525,3.292,9999,9999,9999,999.9,4.97015,1.87442,1.87317,1.87221,1.87388,1.86886,1.87306,1.87815,0,0,0,0,11111111,oooooooo,on,on,on,on,0,100,100,0.379,0.208,0.44925,0,0,0,0.208,0,0,0,-1,-1,-1,-1,4.4,310.2,1.0498,2.37183,1.42578,2.28271,1.54785,2.40356,26.5405,16.1109,18,612.136,445.189,19.9999,19.6182,29.9999,19.601,19.563,21.05,-30,-30,-999.9,408.491,0,96.7955,102.383,21
7,7,1686883789,1524.5,6/15/23 21:49,21:49:48,15,NA,NA,NA,NA,NA,NA,NA,lcor-319,1686883781,0.000767604,0.767603531,-1.453644588,410.0973016,449.0217354,45.67494999,41.71551678,0.046544204,2.959410595,0.046141323,0.028874233,0.007978899,21.03185343,20.87121667,2.476246901,32.05122355,0.811370004,2.531479033,1.664876897,-33.85131572,57.29412669,3.934442522,27.38523239,0,0,1,0,54941,MPF-1243-20230615-21_49_48,12510.6,644.5111538,3495.24,0.815603176,-1.453644588,-,-,0,0,0,0.5,0,0,0,0,0,0,-,0,0,0,0,0,0,0,0,1,1243,300,300,300,12510.6,3397.56,-0.0103563,-35.83,-,-,-,-,-,-,-,-,-,-,0.0499931,0.041994204,0.84,0.1596,6,0.5,0: Broadleaf,2,1686883781,410.0973,408.9587,7.976424,7.215112,409.6283,7.768424,600.1330333,101.6211667,0.099855693,21.23032,20.87121667,999.9,0,0,10008.95833,0,0.282662,1.048861,413.3042667,411.9307,0.761313333,408.9587,7.215112,0.8105735,0.733207933,3.893829667,2.475974333,0.0499931,0,0,0,644.4646667,0.0499931,-5.94,-1.441333333,34.7479,38.875,37.04753333,41.42253333,37.1912,0,0,0,211,0,644.5111538,-2.996581117,7.767179477,-5.962692308,15,1686883809,21:50:08,1686883809,1686864967,7,0.09,-0.025,0.469,0.208,409,20,0.24,0.03,1.044933475,0.276859238,0.045976149,1,410.0075667,0.198060067,0.042102006,1,0.763389525,-0.048598593,0.004756548,1,7.976424,-0.016340823,0.001400294,1,4,4,4-Apr,3.18705,2.79671,0.105462,0.10585,0.0538539,0.0513896,28488.5,22545.3,29723,24667.1,35792,34171.4,40977.9,40237.8,2.26557,2.0206,0.0284314,0,20.4264,999.9,27.2,23.6,7.82536,62.4093,32.9728,1,-0.580412,0,20.2906,5.22882,11.8961,4.9654,3.292,9999,9999,9999,999.9,4.97016,1.87441,1.87317,1.87213,1.87382,1.86889,1.87304,1.87813,0,0,0,0,11111111,oooooooo,on,on,on,on,0,100,100,0.469,0.208,0.37925,0,0,0,0.208,0,0,0,-1,-1,-1,-1,3.1,313.7,1.05225,2.38892,1.42578,2.28149,1.54785,2.31445,26.5819,16.0934,18,611.495,444.475,20.0846,19.5785,29.9998,19.5316,19.4891,21.0697,-30,-30,-999.9,408.903,0,96.8153,102.38,21
8,8,1686883992,1728,6/15/23 21:53,21:53:12,15,NA,NA,NA,NA,NA,NA,NA,lcor-340,1686883984,0.001016993,1.016992976,-1.174685418,409.9247013,429.4282576,43.68275903,41.69879748,0.06196415,2.957270095,0.061251798,0.038345693,0.007978899,21.10396995,21.07788333,2.507903021,33.17130921,0.846796003,2.552796448,1.661107018,-44.84939024,46.10836572,3.174151328,4.441105708,0,0,1,0,54875,MPF-1244-20230615-21_53_11,12602.6,656.3004,2526.59,0.740242619,-1.174685418,-,-,0,0,0,0.5,0,0,0,0,0,0,-,0,0,0,0,0,0,0,0,1,1244,300,300,300,12602.6,2459.39,-0.0104286,-28.53,-,-,-,-,-,-,-,-,-,-,0.0499931,0.041994204,0.84,0.1596,6,0.5,0: Broadleaf,2,1686883984,409.9247,409.1670667,8.324523,7.316211,409.5157,8.116522667,600.1279333,101.6230667,0.099999423,21.36708667,21.07788333,999.9,0,0,9996.627667,0,0.282662,0.817676767,413.4263333,412.1827,1.008311333,409.1670667,7.316211,0.8459638,0.743496133,4.502887,2.671943,0.0499931,0,0,0,656.585,0.0499931,-6.027333333,-1.250333333,34.937,38.9706,37.2458,41.6082,37.437,0,0,0,202.8,0,656.3004,-6.847692185,6.060769264,-5.4156,15,1686884008,21:53:28,1686884008,1686864967,8,-0.06,-0.025,0.409,0.208,409,20,0.57,0.03,0.817547293,-0.085714808,0.034310234,1,409.9905806,-0.361354839,0.030131726,1,1.011791951,-0.052898258,0.005344567,1,8.324847419,-0.013005968,0.001408067,1,4,4,4-Apr,3.18718,2.79698,0.105475,0.10595,0.0557591,0.0519704,28493,22547.3,29727.5,24671.6,35724.3,34156.5,40984.3,40245.1,2.27045,2.02268,0.0258312,0,20.6802,999.9,27.5,23.6,7.91281,61.8993,33.2492,1,-0.588834,0,20.2905,5.22927,11.8961,4.96575,3.292,9999,9999,9999,999.9,4.97015,1.87441,1.87317,1.87219,1.87381,1.86886,1.87304,1.87807,0,0,0,0,11111111,oooooooo,on,on,on,on,0,100,100,0.409,0.208,0.469,0,0,0,0.208,0,0,0,-1,-1,-1,-1,3.1,317.1,1.05103,2.37793,1.42578,2.28271,1.54785,2.31934,26.6232,16.0846,18,613.571,444.654,20.2104,19.4685,30.0001,19.4213,19.3797,21.075,-30,-30,-999.9,409.192,0,96.8302,102.398,21
9,9,1686884202,1938.1,6/15/23 21:56,21:56:42,15,NA,NA,NA,NA,NA,NA,NA,lcor-584,1686884194,0.000790846,0.790845745,-1.386200985,409.7630983,445.4088442,45.31211142,41.6858161,0.047401104,2.958329726,0.046983173,0.029401726,0.007978899,21.6273014,21.14864839,2.518823596,31.77914136,0.834648573,2.62640379,1.684175023,-34.87629734,108.9503453,7.518070646,81.60009754,0,0,1,0,54785,MPF-1245-20230615-21_56_41,12514.7,637.1388,3136.65,0.796872842,-1.386200985,-,-,0,0,0,0.5,0,0,0,0,0,0,-,0,0,0,0,0,0,0,0,1,1245,300,300,300,12514.7,3015.73,-0.010364,-39.62,-,-,-,-,-,-,-,-,-,-,0.0499931,0.041994204,0.84,0.1596,6,0.5,0: Broadleaf,2,1686884194,409.7630968,408.7011935,8.204425806,7.420244516,409.4000968,7.996426129,600.1346774,101.6316129,0.099890665,21.83176774,21.14864839,999.9,0,0,10001.79677,0,0.282662,1.108363355,413.1995806,411.7564516,0.784183032,408.7011935,7.420244516,0.833829677,0.754131774,4.296639677,2.872023871,0.0499931,0,0,0,636.5274194,0.0499931,-5.428387097,-1.200322581,35.131,39.062,37.44309677,41.625,37.625,0,0,0,209,0,637.1388,-15.53692321,0.14230757,-5.7024,15,1686884220,21:56:59,1686884220,1686864967,9,-0.046,-0.025,0.363,0.208,409,20,0.42,0.03,1.07423222,0.582821498,0.08376958,1,409.7894516,1.099935484,0.084418634,1,0.783718293,0.009454307,0.001525035,1,8.203603226,0.054715645,0.0041674,1,4,4,4-Apr,3.18725,2.79678,0.105498,0.105864,0.0551475,0.0525608,28490.1,22547.5,29725.2,24669.4,35746,34131.4,40982.1,40240.8,2.2675,2.02397,0.0580996,0,20.239,999.9,27.8,23.5,7.94891,62.0193,33.5577,1,-0.587937,0,20.2903,5.22807,11.8961,4.9654,3.292,9999,9999,9999,999.9,4.97013,1.87445,1.87317,1.87221,1.87388,1.86889,1.87303,1.87813,0,0,0,0,11111111,oooooooo,on,on,on,on,0,100,100,0.363,0.208,0.40945,0,0,0,0.208,0,0,0,-1,-1,-1,-1,3.2,320.6,1.0498,2.38281,1.42578,2.28149,1.54785,2.30225,26.6439,16.0758,18,611.104,445.051,20.2873,19.4547,29.9999,19.3875,19.3427,21.0513,-30,-30,-999.9,408.609,0,96.824,102.388,21
10,10,1686884421,2156.6,6/15/23 22:00,22:00:20,15,NA,NA,NA,NA,NA,NA,NA,lcor-350,1686884413,0.001532095,1.532095349,-1.457724653,409.872808,423.6977653,43.10574874,41.69923877,0.096270601,2.958242095,0.094563376,0.059252976,0.007978899,21.35285549,21.26834839,2.537390702,35.09359146,0.917053575,2.61316536,1.620337126,-67.5654049,76.66328934,5.291266044,14.39712938,0,0,1,0,54746,MPF-1246-20230615-22_00_20,12545.2,658.1796154,3308.46,0.801061637,-1.457724653,-,-,0,0,0,0.5,0,0,0,0,0,0,-,0,0,0,0,0,0,0,0,1,1246,300,300,300,12545.2,3183.28,-0.0103784,-43.28,-,-,-,-,-,-,-,-,-,-,0.0499931,0.041994204,0.84,0.1596,6,0.5,0: Broadleaf,2,1686884413,409.8728065,409.0432258,9.01396129,7.496005161,409.5428065,8.80596129,600.1300323,101.6370645,0.099957187,21.74904194,21.26834839,999.9,0,0,10000.76323,0,0.282662,0.862633355,413.6344194,412.1327097,1.517954516,409.0432258,7.496005161,0.916151903,0.761871484,5.646987097,3.016063226,0.0499931,0,0,0,658.2687097,0.0499931,-5.79516129,-1.103225806,35.375,39.125,37.625,41.625,37.812,0,0,0,217.8,0,658.1796154,-6.997264906,-0.302906049,-5.756153846,15,1686884446,22:00:45,1686884446,1686864967,10,-0.033,-0.025,0.33,0.208,409,20,0.48,0.03,0.865909475,-0.461416402,0.08514452,1,409.9040667,-0.357730812,0.033400532,1,1.51982275,-0.033072833,0.00334984,1,9.013949333,0.001396218,0.000901369,1,4,4,4-Apr,3.18714,2.79687,0.105546,0.105969,0.0594388,0.0529796,28489.7,22546,29726.2,24670.5,35580.6,34118.2,40982.2,40243.2,2.26975,2.02653,-0.00597537,0,21.3855,999.9,28,23.5,8.00604,61.5493,33.7941,1,-0.59123,0,20.2905,5.22897,11.8961,4.9652,3.292,9999,9999,9999,999.9,4.97014,1.87446,1.87317,1.87223,1.87385,1.8689,1.87305,1.87812,0,0,0,0,11111111,oooooooo,on,on,on,on,0,100,100,0.33,0.208,0.363142857,0,0,0,0.208,0,0,0,-1,-1,-1,-1,3.4,324.2,1.05103,2.38403,1.42578,2.28149,1.54785,2.30469,26.6646,16.0496,18,611.999,445.967,20.405,19.4091,30.0002,19.3311,19.2849,21.0684,-30,-30,-999.9,408.948,0,96.8256,102.393,21
11,11,1686884664,2400.1,6/15/23 22:04,22:04:24,15,NA,NA,NA,NA,NA,NA,NA,lcor-103,1686884656,0.000700827,0.70082659,-1.225241126,410.0980347,443.460013,45.11688873,41.7226962,0.04473603,2.958272951,0.044363567,0.027760435,0.007978899,21.0032556,20.50201333,2.42056453,33.24052977,0.839115877,2.524375764,1.581448653,-30.90645264,108.8510706,7.461969912,85.41456676,30,5,1,0,54820,MPF-1247-20230615-22_04_23,12519.6,683.5048,3197.47,0.786235743,-1.225241126,-,-,0,0,0,0.5,0,0,0,0,0,0,-,0,0,0,0,0,0,0,0,1,1247,300,300,300,12519.6,3088.54,-0.0103625,-35.15,-,-,-,-,-,-,-,-,-,-,0.0499931,0.041994204,0.84,0.1596,6,0.5,0: Broadleaf,2,1686884656,410.0980333,409.1603667,8.247783667,7.552861,409.6610333,8.039783667,600.1067667,101.6385,0.099847097,21.18452333,20.50201333,999.9,0,0,10000.797,0,0.282662,0.830621333,413.4007333,412.2743333,0.694922567,409.1603667,7.552861,0.838292067,0.767661133,4.372794,3.122968667,0.0499931,0,0,0,683.6906667,0.0499931,-5.192,-0.879,35.4916,39.25,37.75,41.75,37.875,0,0,0,242.6999998,0,683.5048,-8.798461667,3.096923199,-5.1736,15,1686884690,22:04:50,1686884690,1686864967,11,0.107,-0.025,0.437,0.208,409,20,0.48,0.03,0.823171439,0.266812265,0.082960894,1,409.9844516,0.566177419,0.04790504,1,0.69786739,-0.049416314,0.004950481,1,8.248442581,-0.033130645,0.002487707,1,4,4,4-Apr,3.18712,2.79702,0.10555,0.105967,0.0553464,0.0532845,28485.1,22546.5,29721.5,24671,35733.1,34108.3,40976,40244.7,2.2136,2.02555,0.0892207,0,19.0209,999.9,28.2,23.5,8.06337,62.0792,33.4615,1,-0.590036,0,20.2904,5.22897,11.8961,4.96545,3.292,9999,9999,9999,999.9,4.97015,1.87442,1.87317,1.87217,1.87387,1.8689,1.87305,1.87811,0,0,0,0,11111111,oooooooo,on,on,on,on,0,100,100,0.437,0.208,0.33,0,0,0,0.208,0,0,0,-1,-1,-1,-1,3.6,328.3,1.05103,2.38647,1.42578,2.28149,1.54785,2.29614,26.6646,16.0233,18,573.873,445.399,20.2542,19.4208,30.0002,19.3294,19.2833,21.0691,-30,-30,-999.9,409.177,0,96.8106,102.397,21
12,12,1686884915,2651.1,6/15/23 22:08,22:08:35,15,NA,NA,NA,NA,NA,NA,NA,lcor-031,1686884907,0.000799127,0.799126544,-1.231489945,409.7825175,437.5407127,44.51542737,41.69130635,0.051898293,2.958555994,0.051397787,0.032168183,0.007978899,20.95177683,20.42084839,2.408471556,33.80398103,0.851975668,2.520341222,1.556495888,-35.24148059,117.6504904,8.060005495,90.47699423,1,0,1,0,54847,MPF-1248-20230615-22_08_34,12487.4,679.3264,3397.86,0.800072281,-1.231489945,-,-,0,0,0,0.5,0,0,0,0,0,0,-,0,0,0,0,0,0,0,0,1,1248,300,300,300,12487.4,3268.72,-0.0103374,-40.18,-,-,-,-,-,-,-,-,-,-,0.0499931,0.041994204,0.84,0.1596,6,0.5,0: Broadleaf,2,1686884907,409.7825161,408.8787097,8.374041613,7.581795806,409.3915161,8.166040968,600.143,101.640129,0.099951548,21.15846129,20.42084839,999.9,0,0,10002.24226,0,0.282662,0.950112677,413.2897742,412.0023548,0.792245419,408.8787097,7.581795806,0.851139774,0.770615677,4.590065161,3.177246452,0.0499931,0,0,0,679.5212903,0.0499931,-4.87483871,-1.11516129,35.562,39.5,37.887,41.937,37.937,0,0,0,249.8999999,0,679.3264,5.982307718,-2.049230733,-4.706,15,1686884932,22:08:52,1686884932,1686864967,12,-0.046,-0.025,0.391,0.208,409,20,0.52,0.03,0.930726585,0.25940839,0.041807556,1,409.8173548,0.584274194,0.045637809,1,0.79094461,0.019061331,0.001943413,1,8.373203226,0.042245323,0.003199077,1,4,4,4-Apr,3.1873,2.79664,0.105514,0.105927,0.0560856,0.053452,28484.8,22547.2,29720.1,24670.8,35703.9,34101.2,40975.2,40243.6,2.26483,2.02733,0.0889935,0,18.9848,999.9,28.4,23.4,8.07182,62.2393,33.4455,1,-0.591451,0,20.2907,5.22762,11.8961,4.9657,3.292,9999,9999,9999,999.9,4.97015,1.87444,1.87317,1.87212,1.87382,1.86887,1.87303,1.87806,0,0,0,0,11111111,oooooooo,on,on,on,on,0,100,100,0.391,0.208,0.4373,0,0,0,0.208,0,0,0,-1,-1,-1,-1,3.8,332.5,1.05103,2.37671,1.42578,2.28271,1.54785,2.38892,26.6026,16.0058,18,608.617,446.5,20.1409,19.4292,30.0002,19.3355,19.2938,21.0605,-30,-30,-999.9,408.915,0,96.8076,102.394,21
13,13,1686885170,2906.1,6/15/23 22:12,22:12:50,15,NA,NA,NA,NA,NA,NA,NA,lcor-200,1686885162,0.000598911,0.598911458,-1.370139184,409.8105821,457.2044552,46.51807989,41.6960097,0.037717582,2.958117896,0.037452432,0.023431437,0.007978899,21.19419551,20.65253548,2.443132063,33.03466211,0.842377923,2.549981957,1.600754139,-26.41199529,111.0846943,7.627744709,92.30842266,0,0,1,0,54823,MPF-1249-20230615-22_12_49,12500.8,618.934,3199.25,0.806537782,-1.370139184,-,-,0,0,0,0.5,0,0,0,0,0,0,-,0,0,0,0,0,0,0,0,1,1249,300,300,300,12500.8,3073.49,-0.0103476,-37.23,-,-,-,-,-,-,-,-,-,-,0.0499931,0.041994204,0.84,0.1596,6,0.5,0: Broadleaf,2,1686885162,409.8105806,408.686129,8.27933871,7.685516452,409.4795806,8.071338387,600.1319677,101.6446129,0.099977206,21.3490871,20.65253548,999.9,0,0,9999.316129,0,0.282662,1.1843,413.2923226,411.8515484,0.593821742,408.686129,7.685516452,0.841550097,0.781191226,4.428169355,3.370043871,0.0499931,0,0,0,619.006129,0.0499931,-5.46,-2.046774194,35.24174194,38.67929032,37.41106452,40.24374194,37.18119355,0,0,0,254.3999999,0,618.934,2.205384708,-1.91384612,-5.3952,15,1686885188,22:13:08,1686885188,1686864967,13,-0.06,-0.025,0.331,0.208,409,20,0.29,0.03,1.180327805,-0.042309199,0.034515495,1,409.8705484,0.332370968,0.029824042,1,0.595646463,-0.046682655,0.004630668,1,8.27933871,-0.017691774,0.001354804,1,4,4,4-Apr,3.18731,2.79672,0.105523,0.105893,0.0555299,0.0540289,28489.3,22551,29725.1,24674,35730.3,34084.4,40981,40248.6,2.26662,2.02603,0.101902,0,18.9747,999.9,28.7,23.4,8.1569,61.7293,32.8405,1,-0.59377,0,20.2887,5.22792,11.8961,4.96475,3.292,9999,9999,9999,999.9,4.97016,1.87444,1.87317,1.87219,1.87385,1.86888,1.87302,1.87805,0,0,0,0,11111111,oooooooo,on,on,on,on,0,100,100,0.331,0.208,0.39095,0,0,0,0.208,0,0,0,-1,-1,-1,-1,4,336.7,1.05103,2.37793,1.42578,2.28149,1.54785,2.3938,26.5612,15.9795,18,609.831,445.674,20.3109,19.436,30,19.3325,19.2839,21.0563,-30,-30,-999.9,408.713,0,96.8223,102.407,21
14,14,1686885451,3187.1,6/15/23 22:17,22:17:31,15,NA,NA,NA,NA,NA,NA,NA,lcor-088,1686885443,0.000408086,0.408085848,-0.851808841,409.57813,450.3233894,45.81228287,41.6671876,0.026673129,2.957985255,0.026540226,0.016599527,0.007978899,20.69193238,20.13160968,2.365806405,33.51273883,0.826102534,2.46504035,1.539703871,-17.99658591,106.1901298,7.252151619,95.45367438,1,0,1,0,54866,MPF-1250-20230615-22_17_30,12509.3,657.7565385,3810.76,0.827394919,-0.851808841,-,-,0,0,0,0.5,0,0,0,0,0,0,-,0,0,0,0,0,0,0,0,1,1250,300,300,300,12509.3,3697.78,-0.0103542,-38.3,-,-,-,-,-,-,-,-,-,-,0.0499931,0.041994204,0.84,0.1596,6,0.5,0: Broadleaf,2,1686885443,409.578129,408.8936129,8.120383226,7.715699677,409.266129,7.912383226,600.1311935,101.6320645,0.099899545,20.7975,20.13160968,999.9,0,0,9999.798387,0,0.282662,0.70398829,412.9509677,412.0730968,0.404682935,408.8936129,7.715699677,0.825292226,0.784163548,4.149935806,3.423812581,0.0499931,0,0,0,657.8451613,0.0499931,-6.429677419,-1.918064516,34.312,38.423,36.687,40.09451613,36.687,0,0,0,280.2,0,657.7565385,1.510769216,-1.928546927,-6.615,15,1686885471,22:17:50,1686885471,1686864967,14,-0.02,-0.025,0.312,0.208,409,20,0.31,0.03,0.6758911,0.539997051,0.055064733,1,409.5940667,1.322536151,0.097055975,1,0.40611695,-0.028184443,0.002792968,1,8.120380667,0.002623181,0.000369161,1,4,4,4-Apr,3.18755,2.79691,0.105539,0.105988,0.0547008,0.0542131,28510.6,22552.4,29746.7,24677.3,35796.5,34086.5,41019.8,40258.7,2.26825,2.02877,0.10756,0,18.3657,999.9,28.9,23.4,8.21463,62.4293,33.4936,1,-0.606748,0,20.2903,5.22762,11.8961,4.96495,3.292,9999,9999,9999,999.9,4.97018,1.87444,1.87317,1.8722,1.87389,1.86889,1.87304,1.87814,0,0,0,0,11111111,oooooooo,on,on,on,on,0,100,100,0.312,0.208,0.33145,0,0,0,0.208,0,0,0,-1,-1,-1,-1,4.4,341.4,1.05103,2.39014,1.42578,2.28149,1.54785,2.26929,26.4373,15.9358,18,608.584,445.475,19.9627,19.2372,30.0003,19.1353,19.0925,21.0637,-30,-30,-999.9,409.108,0,96.9051,102.429,21
15,15,1686885687,3422.6,6/15/23 22:21,22:21:26,15,NA,NA,NA,NA,NA,NA,NA,lcor-002,1686885679,0.000466116,0.466115711,-1.035873509,409.9419366,453.6542451,46.1571137,41.70959886,0.030699826,2.957514204,0.030523881,0.019093149,0.007978899,20.72554502,20.15785484,2.369650277,33.99321281,0.840458556,2.472430485,1.529191721,-20.55570284,109.7447986,7.498978468,96.69605314,0,0,1,0,54772,MPF-1251-20230615-22_21_26,12524.8,681.9723077,3123.47,0.781661963,-1.035873509,-,-,0,0,0,0.5,0,0,0,0,0,0,-,0,0,0,0,0,0,0,0,1,1251,300,300,300,12524.8,3095.93,-0.0103677,-17.53,-,-,-,-,-,-,-,-,-,-,0.0499931,0.041994204,0.84,0.1596,6,0.5,0: Broadleaf,2,1686885679,409.9419355,409.0973226,8.260429677,7.798262903,409.6249355,8.052429677,600.1280323,101.645129,0.100008829,20.84614516,20.15785484,999.9,0,0,9995.841935,0,0.282662,0.83949029,413.3513548,412.3126129,0.462166516,409.0973226,7.798262903,0.839632161,0.792655065,4.395592903,3.576444839,0.0499931,0,0,0,681.8441935,0.0499931,-6.299032258,-1.569354839,34.625,38.925,37.125,40.72967742,37,0,0,0,234.8,0,681.9723077,-7.360683656,0.147350311,-6.348076923,15,1686885703,22:21:43,1686885703,1686864967,15,0.005,-0.025,0.317,0.208,409,20,0.48,0.03,0.840129,-0.094696548,0.025640594,1,409.9394667,0.137219132,0.021339687,1,0.46328035,-0.030657253,0.002999706,1,8.260413333,-0.01223386,0.001040824,1,4,4,4-Apr,3.18736,2.79693,0.10556,0.10599,0.0554326,0.054644,28498.5,22545,29735.9,24670.1,35754.9,34060.7,41004.9,40247.1,2.26655,2.02565,0.104427,0,18.4416,999.9,29.2,23.3,8.24908,62.5093,33.3293,1,-0.592459,0,20.2905,5.22702,11.8961,4.96505,3.292,9999,9999,9999,999.9,4.97017,1.87442,1.87317,1.87216,1.87382,1.86889,1.87303,1.87811,0,0,0,0,11111111,oooooooo,on,on,on,on,0,100,100,0.317,0.208,0.311857143,0,0,0,0.208,0,0,0,-1,-1,-1,-1,3.6,345.3,1.05103,2.38647,1.42578,2.28149,1.54785,2.24976,26.3547,15.892,18,609.414,445.184,19.9415,19.4325,30,19.3022,19.2536,21.0731,-30,-30,-999.9,409.062,0,96.8698,102.399,21
16,16,1686885869,3605.1,6/15/23 22:24,22:24:29,15,NA,NA,NA,NA,NA,NA,NA,lcor-241,1686885861,0.000451814,0.451813669,-1.24508586,409.9037433,467.3508651,47.54980568,41.70494761,0.029295492,2.95789418,0.029135251,0.018223856,0.007978899,20.85458667,20.34522258,2.397251539,33.89881409,0.84460857,2.491557868,1.552642969,-19.92498282,99.86377646,6.833828585,86.78060113,0,0,1,0,55017,MPF-1252-20230615-22_24_28,12480.7,572.7612,3551.43,0.838723782,-1.24508586,-,-,0,0,0,0.5,0,0,0,0,0,0,-,0,0,0,0,0,0,0,0,1,1252,300,300,300,12480.7,3437.76,-0.0103348,-32.45,-,-,-,-,-,-,-,-,-,-,0.0499931,0.041994204,0.84,0.1596,6,0.5,0: Broadleaf,2,1686885861,409.9037419,408.8440968,8.301370323,7.853409032,409.6077419,8.093370323,600.1362258,101.6432581,0.100012868,20.97146129,20.34522258,999.9,0,0,9998.180645,0,0.282662,1.080821613,413.3563548,412.0802903,0.447960677,408.8440968,7.853409032,0.843778323,0.798246226,4.465933548,3.676154839,0.0499931,0,0,0,572.8441935,0.0499931,-5.913870968,-1.29,34.875,39.12296774,37.312,41.19106452,37.312,0,0,0,181.6000001,0,572.7612,1.417692156,-2.527692181,-6.0604,15,1686885892,22:24:52,1686885892,1686864967,16,-0.021,-0.025,0.296,0.208,409,20,0.22,0.03,1.07939,0.109006604,0.029966708,1,409.9217,0.581098999,0.044971213,1,0.4512608,-0.073741013,0.00713831,1,8.301600333,-0.053800311,0.003910182,1,4,4,4-Apr,3.18722,2.79681,0.105576,0.105943,0.0556271,0.0549478,28500.1,22548.7,29737.8,24672.6,35750.7,34052.6,41008.5,40250.6,2.26775,2.0277,0.10296,0,18.6826,999.9,29.4,23.3,8.30477,61.7293,33.3654,1,-0.596956,0,20.2905,5.22792,11.8961,4.96525,3.292,9999,9999,9999,999.9,4.97013,1.87442,1.87317,1.87214,1.87385,1.86884,1.87304,1.87813,0,0,0,0,11111111,oooooooo,on,on,on,on,0,100,100,0.296,0.208,0.317190476,0,0,0,0.208,0,0,0,-1,-1,-1,-1,2.8,348.4,1.05103,2.39136,1.42578,2.28271,1.54785,2.26685,26.396,15.8745,18,609.857,446.053,19.9487,19.3623,29.9999,19.2697,19.2217,21.0541,-30,-30,-999.9,408.87,0,96.8773,102.408,21
17,17,1686886212,3948,6/15/23 22:30,22:30:12,15,NA,NA,NA,NA,NA,NA,NA,lcor-217,1686886204,0.000683367,0.683366993,-1.571391316,409.8958727,453.7016043,46.15905633,41.7023138,0.046969194,2.957721641,0.046558726,0.029135783,0.007978899,20.63602058,20.0064871,2.347555934,35.582556,0.877953128,2.467369483,1.469602806,-30.13648441,128.5791872,8.777051701,107.2277334,0,0,1,0,54828,MPF-1253-20230615-22_30_11,12566.2,607.2632,2816.15,0.784364043,-1.571391316,-,-,0,0,0,0.5,0,0,0,0,0,0,-,0,0,0,0,0,0,0,0,1,1253,300,300,300,12566.2,2797.77,-0.0104013,-11.07,-,-,-,-,-,-,-,-,-,-,0.0499931,0.041994204,0.84,0.1596,6,0.5,0: Broadleaf,2,1686886204,409.895871,408.604871,8.629481935,7.95216,409.674871,8.421481613,600.1310645,101.6387742,0.100024803,20.81284516,20.0064871,999.9,0,0,9997.643226,0,0.282662,1.366346129,413.539871,411.8800968,0.677322226,408.604871,7.95216,0.877089613,0.80824729,5.020217097,3.852980323,0.0499931,0,0,0,607.3877419,0.0499931,-5.900322581,-1.270322581,35,39,37.375,41.375,37.375,0,0,0,342,0,607.2632,-4.212307852,-5.336153671,-5.812,15,1686886234,22:30:33,1686886234,1686864967,17,-0.075,-0.025,0.221,0.208,409,20,0.48,0.03,1.352748293,0.402831847,0.077571559,1,409.9710968,0.373983871,0.033324751,1,0.679434195,-0.053764098,0.005326041,1,8.629481935,-0.038069516,0.002849239,1,4,4,4-Apr,3.18783,2.79674,0.105668,0.105969,0.0574459,0.0555243,28515.6,22562.8,29754.8,24687,35700.4,34052.5,41030.7,40274.8,2.27278,2.03408,0.105497,0,18.2802,999.9,29.8,23.2,8.36827,62.4093,33.6819,1,-0.624596,0,20.2903,5.22792,11.8961,4.96565,3.292,9999,9999,9999,999.9,4.97014,1.87439,1.87317,1.87213,1.87382,1.86886,1.87303,1.87806,0,0,0,0,11111111,oooooooo,on,on,on,on,0,100,100,0.221,0.208,0.2964,0,0,0,0.208,0,0,0,-1,-1,-1,-1,5.3,354.1,1.0498,2.38403,1.42578,2.28149,1.54785,2.38525,26.3134,15.8307,18,609.296,446.614,19.6991,18.9694,29.9996,18.9347,18.8906,21.0376,-30,-30,-999.9,408.677,0,96.9311,102.469,21
18,18,1686886462,4197.5,6/15/23 22:34,22:34:21,15,NA,NA,NA,NA,NA,NA,NA,lcor-041,1686886454,0.000464164,0.464163988,-1.032676035,409.4726785,453.5792812,46.14771016,41.66025052,0.030342355,2.95865354,0.030170537,0.018871941,0.007978899,20.65413298,20.36153871,2.399668355,34.91695408,0.859482928,2.461506023,1.540185427,-20.46963185,65.8207918,4.498895999,49.85803484,1,0,1,0,54900,MPF-1254-20230615-22_34_21,12519,611.7772,3585.14,0.829357515,-1.032676035,-,-,0,0,0,0.5,0,0,0,0,0,0,-,0,0,0,0,0,0,0,0,1,1254,300,300,300,12519,3473.51,-0.0103639,-36.7,-,-,-,-,-,-,-,-,-,-,0.0499931,0.041994204,0.84,0.1596,6,0.5,0: Broadleaf,2,1686886454,409.4726774,408.6302581,8.447735484,7.98759871,409.2036774,8.239735161,600.1383226,101.6412581,0.099963529,20.77419032,20.36153871,999.9,0,0,10002.68452,0,0.282662,0.794709194,412.9131613,411.9205806,0.460135806,408.6302581,7.98759871,0.858638581,0.811869839,4.715547419,3.916549677,0.0499931,0,0,0,611.9954839,0.0499931,-5.816129032,-1.360645161,35.125,39,37.5,41.375,37.49593548,0,0,0,248.3999999,0,611.7772,4.586153955,-13.36769237,-5.6928,15,1686886491,22:34:51,1686886491,1686864967,18,0.048,-0.025,0.269,0.208,409,20,0.46,0.03,0.764841951,0.335424439,0.070196814,1,409.4115484,1.344,0.103697712,1,0.46211178,-0.036176843,0.003623461,1,8.447733548,0.002707742,0.000377552,1,4,4,4-Apr,3.18801,2.79659,0.105668,0.106089,0.0565356,0.0557563,28522.4,22563.2,29761,24689.9,35742.9,34047.3,41038.7,40278.5,2.2751,2.03583,0.097692,0,18.7746,999.9,29.9,23.2,8.39573,62.0193,33.1771,1,-0.637071,0,20.2899,5.22912,11.8961,4.965,3.292,9999,9999,9999,999.9,4.97015,1.87442,1.87316,1.87212,1.87385,1.86877,1.87304,1.87808,0,0,0,0,11111111,oooooooo,on,on,on,on,0,100,100,0.269,0.208,0.221380952,0,0,0,0.208,0,0,0,-1,-1,-1,-1,3.8,358.2,1.0498,2.38647,1.42578,2.28271,1.54785,2.41699,26.3134,15.7957,18,608.553,445.831,19.6616,18.7851,30,18.7386,18.699,21.0435,-30,-30,-999.9,408.847,0,96.9506,102.48,21
19,19,1686886770,4506,6/15/23 22:39,22:39:30,15,NA,NA,NA,NA,NA,NA,NA,lcor-075,1686886762,0.000724658,0.724657617,-1.262081948,410.055324,441.8468721,44.95570746,41.72107658,0.048356196,2.957553914,0.047921224,0.029989519,0.007978899,20.69578391,20.42684839,2.409363697,36.1480758,0.895780981,2.478087591,1.513582716,-31.95740093,72.77962112,4.980823036,45.81102213,0,0,1,0,55171,MPF-1255-20230615-22_39_29,12543.8,643.2269231,3664.59,0.824475065,-1.262081948,-,-,0,0,0,0.5,0,0,0,0,0,0,-,0,0,0,0,0,0,0,0,1,1255,300,300,300,12543.8,3589.83,-0.0103855,-33.11,-,-,-,-,-,-,-,-,-,-,0.0499931,0.041994204,0.84,0.1596,6,0.5,0: Broadleaf,2,1686886762,410.0553226,409.0906129,8.804177419,8.086065484,409.7293226,8.596177419,600.1384194,101.6449355,0.100058761,20.88329677,20.42684839,999.9,0,0,9996.086129,0,0.282662,0.908136871,413.6403226,412.4254194,0.718110742,409.0906129,8.086065484,0.894900742,0.821908387,5.308999677,4.091415484,0.0499931,0,0,0,643.5932258,0.0499931,-4.871612903,-1.176774194,35.24593548,39.24187097,37.637,41.375,37.562,0,0,0,307.6999998,0,643.2269231,-8.094359033,-5.521709421,-4.736538462,15,1686886796,22:39:56,1686886796,1686864967,19,0.057,-0.025,0.326,0.208,409,20,0.3,0.03,0.921494175,-0.454120874,0.071965768,1,409.9961667,-0.005953281,0.036280466,1,0.720347975,-0.047176334,0.004570255,1,8.804354,-0.04032,0.002934083,1,4,4,4-Apr,3.18796,2.7967,0.105773,0.106177,0.0584132,0.0562791,28517.4,22561.1,29759.1,24690,35667.7,34028.5,41035.6,40278.7,2.27895,2.03632,0.0832118,0,19.0634,999.9,30.3,23.1,8.45644,61.3593,33.4495,1,-0.63891,0,20.2901,5.22912,11.8961,4.96585,3.292,9999,9999,9999,999.9,4.97015,1.87439,1.87315,1.8721,1.87384,1.86885,1.87302,1.87805,0,0,0,0,11111111,oooooooo,on,on,on,on,0,100,100,0.326,0.208,0.269333333,0,0,0,0.208,0,0,0,-1,-1,-1,-1,4.7,363.4,1.05103,2.39014,1.42578,2.28149,1.54785,2.39136,26.1898,15.7519,18,610.288,445.352,19.6569,18.7517,30,18.6633,18.6168,21.0479,-30,-30,-999.9,409.02,0,96.9437,102.48,21
20,20,1686887041,4777,6/15/23 22:44,22:44:01,15,NA,NA,NA,NA,NA,NA,NA,lcor-231,1686887033,0.001136812,1.13681208,-1.427738544,409.7953564,428.5600456,43.60783347,41.69844539,0.082177149,2.958442428,0.080929783,0.050691608,0.007978899,20.4219326,19.99533871,2.345935824,38.31186578,0.939680116,2.452713008,1.406255708,-50.13341271,114.9535866,7.840700804,72.66885357,2,0,1,0,54893,MPF-1256-20230615-22_44_00,12496.9,580.648,3646.73,0.840775709,-1.427738544,-,-,0,0,0,0.5,0,0,0,0,0,0,-,0,0,0,0,0,0,0,0,1,1256,300,300,300,12496.9,3561.75,-0.010348,-26.64,-,-,-,-,-,-,-,-,-,-,0.0499931,0.041994204,0.84,0.1596,6,0.5,0: Broadleaf,2,1686887033,409.7953548,408.8336774,9.234793871,8.108715161,409.5513548,9.026793871,600.1252903,101.6543548,0.099959203,20.71607097,19.99533871,999.9,0,0,10000.19839,0,0.282662,1.043856161,413.6979355,412.1759032,1.126077742,408.8336774,8.108715161,0.93875629,0.824285645,5.998983226,4.13254871,0.0499931,0,0,0,580.7790323,0.0499931,-4.941612903,-1.05,35.25,39.125,37.59045161,41.44512903,37.625,0,0,0,270.1999998,0,580.648,-4.545384552,-3.636923079,-5.2448,15,1686887058,22:44:18,1686887058,1686864967,20,-0.082,-0.025,0.244,0.208,409,20,0.32,0.03,1.033448976,0.252594314,0.043608225,1,409.8665161,0.691016129,0.056665328,1,1.128620244,-0.042917352,0.004291956,1,9.235159355,-0.021541452,0.001759155,1,4,4,4-Apr,3.18802,2.79613,0.10576,0.106121,0.0607079,0.0564248,28499.8,22566.1,29740.2,24693.8,35546.9,34024.7,40998.7,40280.5,2.27555,2.04037,0.0881217,0,18.5438,999.9,30.5,23.1,8.51165,62.2193,33.4696,1,-0.641956,0,20.2901,5.22837,11.8961,4.96545,3.292,9999,9999,9999,999.9,4.97017,1.87439,1.87314,1.8721,1.8738,1.86878,1.87302,1.87806,0,0,0,0,11111111,oooooooo,on,on,on,on,0,100,100,0.244,0.208,0.3263,0,0,0,0.208,0,0,0,-1,-1,-1,-1,4.1,367.9,1.0498,2.37671,1.42578,2.28394,1.54785,2.32544,26.1074,15.7081,18,607.363,447.199,19.632,18.7219,30,18.6172,18.5697,21.0484,-30,-30,-999.9,408.918,0,96.8673,102.489,21
21,21,1686887263,4999,6/15/23 22:47,22:47:43,15,NA,NA,NA,NA,NA,NA,NA,lcor-274,1686887255,0.000455731,0.455730639,-0.933816083,410.0138075,447.4636927,45.53137702,41.7206883,0.031709159,2.958338894,0.031521545,0.019717729,0.007978899,20.37207504,19.8271,2.321605648,36.11606378,0.873564111,2.418768879,1.448041537,-20.09772117,105.7233263,7.196847785,92.83043184,2,0,1,0,54936,MPF-1257-20230615-22_47_42,12536.6,627.2832,3322.66,0.811210536,-0.933816083,-,-,0,0,0,0.5,0,0,0,0,0,0,-,0,0,0,0,0,0,0,0,1,1257,300,300,300,12536.6,3264.34,-0.0103774,-24.41,-,-,-,-,-,-,-,-,-,-,0.0499931,0.041994204,0.84,0.1596,6,0.5,0: Broadleaf,2,1686887255,410.0138065,409.267,8.585029677,8.133304516,409.7528065,8.377029032,600.1235484,101.6544194,0.099930239,20.48998387,19.8271,999.9,0,0,9999.604839,0,0.282662,0.730007032,413.5473226,412.6230645,0.451724968,409.267,8.133304516,0.872706645,0.826786677,4.948360645,4.175713871,0.0499931,0,0,0,627.2609677,0.0499931,-4.50516129,-0.827741935,35.25,39.125,37.625,41.562,37.625,0,0,0,221,0,627.2832,5.058461655,-5.083846225,-4.7004,15,1686887280,22:48:00,1686887280,1686864967,21,0.017,-0.025,0.261,0.208,409,20,0.51,0.03,0.716182,0.190291024,0.057634537,1,409.9945484,0.01683871,0.01988327,1,0.453418829,-0.031761742,0.003252991,1,8.585057419,-0.007344677,0.000894496,1,4,4,4-Apr,3.18813,2.79691,0.105783,0.106218,0.057288,0.0565645,28504.3,22561.1,29745.5,24690.9,35687.3,34017.5,41008.1,40278.1,2.2745,2.0405,0.102781,0,18.1448,999.9,30.6,23,8.48854,61.9193,33.8542,1,-0.640447,0,20.3142,5.22927,11.8961,4.9653,3.292,9999,9999,9999,999.9,4.97018,1.8744,1.87316,1.8721,1.8738,1.86884,1.87302,1.87808,0,0,0,0,11111111,oooooooo,on,on,on,on,0,100,100,0.261,0.208,0.2442,0,0,0,0.208,0,0,0,-1,-1,-1,-1,3.4,371.6,1.0498,2.38525,1.42578,2.28394,1.54785,2.31934,26.1074,15.6643,18,606.596,447.255,19.5243,18.7181,30.0002,18.6139,18.5681,21.0566,-30,-30,-999.9,409.284,0,96.8874,102.481,21
22,22,1686887521,5256.5,6/15/23 22:52,22:52:00,15,NA,NA,NA,NA,NA,NA,NA,lcor-296,1686887513,0.000375347,0.375346766,-1.075064248,409.7075678,466.5092039,47.46916304,41.68937113,0.025756774,2.958408573,0.02563284,0.01603161,0.007978899,20.573477,19.94452333,2.338563616,35.65499876,0.872066992,2.445847769,1.466496624,-16.55279238,115.7993543,7.894589688,107.1491305,3,0,1,0,54936,MPF-1258-20230615-22_52_00,12495.8,590.266,3650.17,0.838290819,-1.075064248,-,-,0,0,0,0.5,0,0,0,0,0,0,-,0,0,0,0,0,0,0,0,1,1258,300,300,300,12495.8,3545.5,-0.0103462,-32.97,-,-,-,-,-,-,-,-,-,-,0.0499931,0.041994204,0.84,0.1596,6,0.5,0: Broadleaf,2,1686887513,409.7075667,408.7865,8.570348667,8.198305667,409.4565667,8.362348,600.1401667,101.6540333,0.09993559,20.67056667,19.94452333,999.9,0,0,10000.038,0,0.282662,0.930452467,413.2588,412.1657,0.372042267,408.7865,8.198305667,0.87121,0.833390367,4.923752,4.289126333,0.0499931,0,0,0,590.5993333,0.0499931,-5.884333333,-1.021,35.375,39.37913333,37.812,41.75413333,37.7353,0,0,0,256.8,0,590.266,-3.685384609,4.835384591,-5.5684,15,1686887544,22:52:23,1686887544,1686864967,22,-0.01,-0.025,0.251,0.208,409,20,0.45,0.03,0.894784575,0.67901409,0.069249864,1,409.6968667,1.327074527,0.096477194,1,0.3744931,-0.042363715,0.00412958,1,8.570551,-0.01443337,0.001226533,1,4,4,4-Apr,3.18791,2.7969,0.105731,0.106104,0.0571974,0.0568962,28499.1,22560.9,29738.8,24688,35683.3,34001.1,40999.6,40273.2,2.27253,2.04188,0.0950657,0,18.3747,999.9,30.9,23,8.57098,61.9593,33.5978,1,-0.635226,0,20.2897,5.22538,11.8961,4.9647,3.29133,9999,9999,9999,999.9,4.97015,1.87442,1.87314,1.87213,1.87382,1.86882,1.87302,1.87806,0,0,0,0,11111111,oooooooo,on,on,on,on,0,100,100,0.251,0.208,0.2606,0,0,0,0.208,0,0,0,-1,-1,-1,-1,4,375.9,1.0498,2.3877,1.42578,2.28394,1.54785,2.38159,26.1898,15.6381,18,606.039,448.633,19.5729,18.7982,30.0002,18.6801,18.6323,21.0349,-30,-30,-999.9,408.797,0,96.8666,102.468,21
23,23,1686887692,5428.1,6/15/23 22:54,22:54:52,15,NA,NA,NA,NA,NA,NA,NA,lcor-094,1686887684,0.000557514,0.557513717,-1.342973999,409.9108724,455.9774212,46.39831139,41.71077649,0.038498006,2.957807714,0.038221785,0.023913267,0.007978899,20.58288697,20.04137742,2.352632616,36.34550771,0.892058993,2.454385837,1.460573622,-24.58635492,109.3529214,7.462471463,92.2370169,1,0,1,0,54962,MPF-1259-20230615-22_54_51,12506.1,604.3488,3423.82,0.823486982,-1.342973999,-,-,0,0,0,0.5,0,0,0,0,0,0,-,0,0,0,0,0,0,0,0,1,1259,300,300,300,12506.1,3307.95,-0.0103547,-34.6,-,-,-,-,-,-,-,-,-,-,0.0499931,0.041994204,0.84,0.1596,6,0.5,0: Broadleaf,2,1686887684,409.910871,408.7967097,8.766671613,8.214185161,409.716871,8.558671613,600.1517419,101.6555806,0.100140658,20.72714194,20.04137742,999.9,0,0,9996.478387,0,0.282662,1.171237742,413.5937419,412.1823226,0.552485516,408.7967097,8.214185161,0.891180742,0.835017613,5.249108387,4.316949355,0.0499931,0,0,0,604.3158065,0.0499931,-4.872258065,-0.811935484,35.437,39.375,37.808,41.875,37.812,0,0,0,170.8,0,604.3488,-4.882307641,7.211538399,-4.7996,15,1686887710,22:55:09,1686887710,1686864967,23,-0.057,-0.025,0.194,0.208,409,20,0.43,0.03,1.178230488,0.026050776,0.042669001,1,409.9679032,0.338621305,0.031132759,1,0.553210488,-0.017269218,0.001708188,1,8.766671613,-0.008525106,0.000837404,1,4,4,4-Apr,3.1881,2.79695,0.10576,0.106101,0.058241,0.0569664,28499.3,22564.4,29740,24691.7,35644.8,34002.9,41001.7,40278.4,2.27585,2.03825,0.0904463,0,18.5643,999.9,31,23,8.59912,62.3993,33.6338,1,-0.637066,0,20.2903,5.22777,11.8961,4.9653,3.292,9999,9999,9999,999.9,4.97016,1.87441,1.87312,1.87212,1.87381,1.86886,1.87302,1.87814,0,0,0,0,11111111,oooooooo,on,on,on,on,0,100,100,0.194,0.208,0.25105,0,0,0,0.208,0,0,0,-1,-1,-1,-1,2.5,378.8,1.0498,2.3877,1.42578,2.28271,1.54785,2.30347,26.231,15.603,18,608.335,446.608,19.5966,18.7904,30.0002,18.6801,18.6353,21.0314,-30,-30,-999.9,408.814,0,96.8711,102.482,21
24,24,1686887882,5618.1,6/15/23 22:58,22:58:02,15,NA,NA,NA,NA,NA,NA,NA,lcor-577,1686887874,0.001036342,1.036342082,-1.224982069,410.019968,426.9379863,43.44606507,41.72445362,0.075746423,2.957924175,0.0746851,0.046772304,0.007978899,20.20177088,19.81871,2.320398121,38.53361335,0.930890387,2.415787947,1.389507734,-45.70268582,103.8591269,7.069911436,65.23433145,5,1,1,0,55118,MPF-1260-20230615-22_58_01,12516,616.0684,3673.6,0.832298454,-1.224982069,-,-,0,0,0,0.5,0,0,0,0,0,0,-,0,0,0,0,0,0,0,0,1,1260,300,300,300,12516,3605.95,-0.0103627,-25.94,-,-,-,-,-,-,-,-,-,-,0.0499931,0.041994204,0.84,0.1596,6,0.5,0: Broadleaf,2,1686887874,410.0199667,409.2201,9.147720667,8.121108333,409.7789667,8.939720667,600.1458667,101.6619,0.100103997,20.46999667,19.81871,999.9,0,0,9996.517333,0,0.282662,0.752579767,413.7575333,412.5705667,1.026613333,409.2201,8.121108333,0.929976033,0.8256084,5.863130333,4.155383333,0.0499931,0,0,0,616.2206667,0.0499931,-4.918,-0.892666667,35.437,39.437,37.80786667,41.875,37.812,0,0,0,189.1999998,0,616.0684,-6.636923111,8.612307624,-4.564,15,1686887898,22:58:18,1686887898,1686864967,24,0.047,-0.025,0.241,0.208,409,20,0.41,0.03,0.74499661,0.137448209,0.028922949,1,409.9706774,0.417048387,0.036975482,1,1.025448537,-0.0347377,0.008906658,1,9.148842581,-0.247546935,0.018616109,1,4,4,4-Apr,3.18831,2.79696,0.105797,0.106204,0.0601243,0.0564299,28495.3,22555.9,29736.9,24685.1,35569.2,34014.9,40998.5,40269.2,2.26883,2.04075,0.11839,0,17.8567,999.9,30.9,23,8.57029,61.5493,32.9728,1,-0.635107,0,20.2905,5.22822,11.8961,4.96525,3.292,9999,9999,9999,999.9,4.97015,1.8744,1.87313,1.87211,1.87379,1.86884,1.87302,1.87808,0,0,0,0,11111111,oooooooo,on,on,on,on,0,100,100,0.241,0.208,0.193571429,0,0,0,0.208,0,0,0,-1,-1,-1,-1,2.9,381.9,1.0498,2.3877,1.42578,2.28394,1.54785,2.27173,26.1279,15.5855,18,603.399,447.959,19.4913,18.7576,30.0004,18.6723,18.6285,21.0367,-30,-30,-999.9,409.089,0,96.8624,102.457,21